-- phpMyAdmin SQL Dump
-- version 4.8.0.1
-- https://www.phpmyadmin.net/
--
-- Host: 127.0.0.1:3306
-- Generation Time: Jul 16, 2018 at 01:15 PM
-- Server version: 5.7.21
-- PHP Version: 5.6.35

SET SQL_MODE = "NO_AUTO_VALUE_ON_ZERO";
SET AUTOCOMMIT = 0;
START TRANSACTION;
SET time_zone = "+00:00";


/*!40101 SET @OLD_CHARACTER_SET_CLIENT=@@CHARACTER_SET_CLIENT */;
/*!40101 SET @OLD_CHARACTER_SET_RESULTS=@@CHARACTER_SET_RESULTS */;
/*!40101 SET @OLD_COLLATION_CONNECTION=@@COLLATION_CONNECTION */;
/*!40101 SET NAMES utf8mb4 */;

--
-- Database: `busplaces`
--

DELIMITER $$
--
-- Procedures
--
DROP PROCEDURE IF EXISTS `welcome`$$
CREATE DEFINER=`busPlaces`@`%` PROCEDURE `welcome` (OUT `oReservations` INT(7), OUT `oClients` INT(7), OUT `oRoutes` INT(7), OUT `oStations` INT(4), OUT `oBuses` INT(4), OUT `oEmployees` INT(4), OUT `oDrivers` INT(4))  BEGIN
	    -- DECLARE pMfid int(7);
		-- DECLARE oReservations INT(7);
		-- DECLARE oClients INT(7);
		-- DECLARE oRoutes INT(7);
		-- DECLARE oStations INT(4);
		-- DECLARE oBuses INT(4);
		-- DECLARE oEmployees INT(4);
		-- DECLARE oDrivers INT(4);
		
		SELECT COUNT(`id`) AS `count` INTO `oReservations` FROM `reservation` WHERE `status_id` = '1' AND DATE(`date`) >= DATE_SUB(NOW(),INTERVAL 1 DAY);
		
		SELECT COUNT(`id`) AS `count` INTO `oClients` FROM `client`;
		
		SELECT COUNT(`id`) AS `count` INTO `oRoutes` FROM `route`;
		
		SELECT COUNT(`id`) AS `count` INTO `oStations` FROM `station`;
		
		SELECT COUNT(`id`) AS `count` INTO `oBuses` FROM `bus`;
		
		SELECT COUNT(`id`) AS `count` INTO `oEmployees` FROM `employee`;
		
		SELECT COUNT(`id`) AS `count` INTO `oDrivers` FROM `employee` WHERE `title_id` = '4';
		
END$$

DELIMITER ;

-- --------------------------------------------------------

--
-- Table structure for table `bus`
--

DROP TABLE IF EXISTS `bus`;
CREATE TABLE IF NOT EXISTS `bus` (
  `id` int(5) NOT NULL AUTO_INCREMENT,
  `mark` varchar(45) COLLATE utf8_romanian_ci DEFAULT NULL,
  `model` varchar(45) COLLATE utf8_romanian_ci DEFAULT NULL,
  `matriculation` varchar(22) COLLATE utf8_romanian_ci DEFAULT NULL,
  `places` int(2) DEFAULT NULL,
  `comfort` varchar(16) COLLATE utf8_romanian_ci DEFAULT NULL,
  PRIMARY KEY (`id`)
) ENGINE=InnoDB AUTO_INCREMENT=17 DEFAULT CHARSET=utf8 COLLATE=utf8_romanian_ci COMMENT='Mașinile pe care le deține compania de transport';

--
-- Dumping data for table `bus`
--

INSERT INTO `bus` (`id`, `mark`, `model`, `matriculation`, `places`, `comfort`) VALUES
(1, 'XXX', 'xxx', 'XX 00 XXX', 52, '5 stele'),
(2, 'Scania', 'Irizar PB', 'CJ 09 AEI', 59, '3 stele'),
(3, 'Rocar', 'GAMA DELTA', 'AB 98 ZZZ', 40, '2 stele'),
(6, 'Mercedes', 'Benz', 'MS 23 CDE', 59, '4 stele'),
(7, 'Iveco', 'Mars', 'TM 54 TIM', 54, '2 stele'),
(8, 'Ferarri', 'Uno', 'NT 96 FER', 54, '5 stele'),
(10, 'Ford', 'Transit', 'DB 54 DAC', 54, '3 stele'),
(15, 'Alfa Romeo', 'Country Runner', 'AB 68 RUN', 54, '4 stele');

-- --------------------------------------------------------

--
-- Table structure for table `bus_features`
--

DROP TABLE IF EXISTS `bus_features`;
CREATE TABLE IF NOT EXISTS `bus_features` (
  `bus_id` int(5) NOT NULL,
  `feature_id` int(5) NOT NULL,
  KEY `fk_bus_features_bus` (`bus_id`),
  KEY `fk_bus_features_features` (`feature_id`)
) ENGINE=InnoDB DEFAULT CHARSET=utf8 COLLATE=utf8_romanian_ci COMMENT='Tabel de legătură între autocar și facilități oferite călătorilor';

--
-- Dumping data for table `bus_features`
--

INSERT INTO `bus_features` (`bus_id`, `feature_id`) VALUES
(8, 3),
(8, 4);

-- --------------------------------------------------------

--
-- Table structure for table `city`
--

DROP TABLE IF EXISTS `city`;
CREATE TABLE IF NOT EXISTS `city` (
  `id` int(11) NOT NULL AUTO_INCREMENT,
  `district_id` int(5) NOT NULL,
  `name` varchar(45) COLLATE utf8_romanian_ci NOT NULL,
  PRIMARY KEY (`id`),
  KEY `city_district_id_idx` (`district_id`)
) ENGINE=InnoDB AUTO_INCREMENT=2334 DEFAULT CHARSET=utf8 COLLATE=utf8_romanian_ci COMMENT='Lista oraselor';

--
-- Dumping data for table `city`
--

INSERT INTO `city` (`id`, `district_id`, `name`) VALUES
(1, 2, 'Arad'),
(2, 2, 'Chisineu Cris'),
(3, 2, 'Curtici'),
(4, 2, 'Ineu'),
(5, 2, 'Lipova'),
(6, 2, 'Nadlac'),
(7, 2, 'Pancota'),
(8, 2, 'Pecica'),
(9, 2, 'Santana'),
(10, 2, 'Sebis'),
(11, 2, 'Almas'),
(12, 2, 'Apateu'),
(13, 2, 'Archis'),
(14, 2, 'Barsa'),
(15, 2, 'Barzava'),
(16, 2, 'Bata'),
(17, 2, 'Beliu'),
(18, 2, 'Birchis'),
(19, 2, 'Bocsig'),
(20, 2, 'Brazii'),
(21, 2, 'Buteni'),
(22, 2, 'Carand'),
(23, 2, 'Cermei'),
(24, 2, 'Chisindia'),
(25, 2, 'Conop'),
(26, 2, 'Covasant'),
(27, 2, 'Craiva'),
(28, 2, 'Dezna'),
(29, 2, 'Dieci'),
(30, 2, 'Dorobanti'),
(31, 2, 'Fantanele'),
(32, 2, 'Felnac'),
(33, 2, 'Frumuseni'),
(34, 2, 'Ghiorc'),
(35, 2, 'Graniceri'),
(36, 2, 'Gurahont'),
(37, 2, 'Halmagel'),
(38, 2, 'Halmagiu'),
(39, 2, 'Hasmas'),
(40, 2, 'Ignesti'),
(41, 2, 'Iratosu'),
(42, 2, 'Livada'),
(43, 2, 'Macea'),
(44, 2, 'Misca'),
(45, 2, 'Moneasa'),
(46, 2, 'Olari'),
(47, 2, 'Paulis'),
(48, 2, 'Peregu Mare'),
(49, 2, 'Petris'),
(50, 2, 'Pilu'),
(51, 2, 'Plescuta'),
(52, 2, 'Sagu'),
(53, 2, 'Savarsin'),
(54, 2, 'Secusigiu'),
(55, 2, 'Seitin'),
(56, 2, 'Seleus'),
(57, 2, 'Semlac'),
(58, 2, 'Sepreus'),
(59, 2, 'Sicula'),
(60, 2, 'Silindia'),
(61, 2, 'Simand'),
(62, 2, 'Sintea Mare'),
(63, 2, 'Siria'),
(64, 2, 'Sistarovat'),
(65, 2, 'Socodor'),
(66, 2, 'Sofronea'),
(67, 2, 'Tarnova'),
(68, 2, 'Taut'),
(69, 2, 'Ususau'),
(70, 2, 'Varadia de Mures'),
(71, 2, 'Varfurile'),
(72, 2, 'Vinga'),
(73, 2, 'Vladimirescu'),
(74, 2, 'Zabrani'),
(75, 2, 'Zadareni'),
(76, 2, 'Zarand'),
(77, 2, 'Zerind'),
(78, 2, 'Zimandu Nou'),
(79, 1, 'Abrud'),
(80, 1, 'Aiud'),
(81, 1, 'Alba Iulia'),
(82, 1, 'Baia de Aries'),
(83, 1, 'Blaj'),
(84, 1, 'Campeni'),
(85, 1, 'Cugir'),
(86, 1, 'Ocna Mures'),
(87, 1, 'Sebes'),
(88, 1, 'Teius'),
(89, 1, 'Zlatina'),
(90, 1, 'Albac'),
(91, 1, 'Almasu Mare'),
(92, 1, 'Arieseni'),
(93, 1, 'Avram Iancu'),
(94, 1, 'Berghin'),
(95, 1, 'Bistra'),
(96, 1, 'Blandiana'),
(97, 1, 'Bucerdea Granoasa'),
(98, 1, 'Bucium'),
(99, 1, 'Calnic'),
(100, 1, 'Cenade'),
(101, 1, 'Cergau'),
(102, 1, 'Ceru-Bacainti'),
(103, 1, 'Cetatea de Balta'),
(104, 1, 'Ciugud'),
(105, 1, 'Ciuruleasa'),
(106, 1, 'Craciunelu de Jos'),
(107, 1, 'Cricau'),
(108, 1, 'Cut'),
(109, 1, 'Daia Romana'),
(110, 1, 'Dostat'),
(111, 1, 'Farau'),
(112, 1, 'Galda de Jos'),
(113, 1, 'Garbova'),
(114, 1, 'Garda de Sus'),
(115, 1, 'Hoparta'),
(116, 1, 'Horea'),
(117, 1, 'Ighiu'),
(118, 1, 'Intregalde'),
(119, 1, 'Jidvei'),
(120, 1, 'Livezile'),
(121, 1, 'Lopadea Noua'),
(122, 1, 'Lunca Muresului'),
(123, 1, 'Lupsa'),
(124, 1, 'Metes'),
(125, 1, 'Mihalt'),
(126, 1, 'Miraslau'),
(127, 1, 'Mogos'),
(128, 1, 'Noslac'),
(129, 1, 'Ocolis'),
(130, 1, 'Ohaba'),
(131, 1, 'Pianu'),
(132, 1, 'Poiana Vadului'),
(133, 1, 'Ponor'),
(134, 1, 'Posaga'),
(135, 1, 'Radesti'),
(136, 1, 'Ramet'),
(137, 1, 'Rimetea'),
(138, 1, 'Rosia de Secas'),
(139, 1, 'Rosia Montana'),
(140, 1, 'Salciua'),
(141, 1, 'Salistea'),
(142, 1, 'Sancel'),
(143, 1, 'Santimbru'),
(144, 1, 'Sasciori'),
(145, 1, 'Scarisoara'),
(146, 1, 'Sibot'),
(147, 1, 'Sohodol'),
(148, 1, 'Sona'),
(149, 1, 'Spring'),
(150, 1, 'Stremt'),
(151, 1, 'Sugag'),
(152, 1, 'Unirea'),
(153, 1, 'Vadu Motilor'),
(154, 1, 'Valea Lunga'),
(155, 1, 'Vidra'),
(156, 1, 'Vintu de Jos'),
(157, 3, 'Campulung'),
(158, 3, 'Costesti'),
(159, 3, 'Curtea de Arges'),
(160, 3, 'Mioveni'),
(161, 3, 'Pitesti'),
(162, 3, 'Stefanesti'),
(163, 3, 'Topoloveni'),
(164, 3, 'Albestii de Arges'),
(165, 3, 'Albestii de Muscel'),
(166, 3, 'Albota'),
(167, 3, 'Aninoasa'),
(168, 3, 'Arefu'),
(169, 3, 'Babana'),
(170, 3, 'Baiculesti'),
(171, 3, 'Balilesti'),
(172, 3, 'Barla'),
(173, 3, 'Bascov'),
(174, 3, 'Beleti-Negresti'),
(175, 3, 'Berevoesti'),
(176, 3, 'Bogati'),
(177, 3, 'Boteni'),
(178, 3, 'Botesti'),
(179, 3, 'Bradu'),
(180, 3, 'Bradulet'),
(181, 3, 'Budeasa'),
(182, 3, 'Bughea de Jos'),
(183, 3, 'Bughea de Sus'),
(184, 3, 'Buzoesti'),
(185, 3, 'Caldararu'),
(186, 3, 'Calinesti'),
(187, 3, 'Cateasca'),
(188, 3, 'Cepari'),
(189, 3, 'Cetateni'),
(190, 3, 'Ciocanesti'),
(191, 3, 'Ciofrangeni'),
(192, 3, 'Ciomagesti'),
(193, 3, 'Cocu'),
(194, 3, 'Corbeni'),
(195, 3, 'Corbi'),
(196, 3, 'Cosesti'),
(197, 3, 'Cotmeana'),
(198, 3, 'Cuca'),
(199, 3, 'Dambovicioara'),
(200, 3, 'Darmanesti'),
(201, 3, 'Davidesti'),
(202, 3, 'Dobresti'),
(203, 3, 'Domnesti'),
(204, 3, 'Draganu'),
(205, 3, 'Dragoslavele'),
(206, 3, 'Godeni'),
(207, 3, 'Harsesti'),
(208, 3, 'Hartiesti'),
(209, 3, 'Izvoru'),
(210, 3, 'Leordeni'),
(211, 3, 'Leresti'),
(212, 3, 'Lunca Corbului'),
(213, 3, 'Malureni'),
(214, 3, 'Maracineni'),
(215, 3, 'Merisani'),
(216, 3, 'Micesti'),
(217, 3, 'Mihaesti'),
(218, 3, 'Mioarele'),
(219, 3, 'Mirosi'),
(220, 3, 'Moraresti'),
(221, 3, 'Mosoaia'),
(222, 3, 'Mozaceni'),
(223, 3, 'Musatesti'),
(224, 3, 'Negrasi'),
(225, 3, 'Nucsoara'),
(226, 3, 'Oarja'),
(227, 3, 'Pietrosani'),
(228, 3, 'Poiana Lacului'),
(229, 3, 'Poienarii de Arges'),
(230, 3, 'Poienarii de Muscel'),
(231, 3, 'Popesti'),
(232, 3, 'Priboieni'),
(233, 3, 'Raca'),
(234, 3, 'Ratesti'),
(235, 3, 'Recea'),
(236, 3, 'Rociu'),
(237, 3, 'Rucar'),
(238, 3, 'Salatrucu'),
(239, 3, 'Sapata'),
(240, 3, 'Schitu Golesti'),
(241, 3, 'Slobozia'),
(242, 3, 'Stalpeni'),
(243, 3, 'Stefan cel Mare'),
(244, 3, 'Stoenesti'),
(245, 3, 'Stolnici'),
(246, 3, 'Suici'),
(247, 3, 'Suseni'),
(248, 3, 'Teiu'),
(249, 3, 'Tigveni'),
(250, 3, 'Titesti'),
(251, 3, 'Uda'),
(252, 3, 'Ungheni'),
(253, 3, 'Valea Danului'),
(254, 3, 'Valea Iasului'),
(255, 3, 'Mare-Pravat'),
(256, 3, 'Vedea'),
(257, 3, 'Vladesti'),
(258, 3, 'Vulturesti'),
(259, 4, 'Bacau'),
(260, 4, 'Buhusi'),
(261, 4, 'Comanesti'),
(262, 4, 'Darmanesti'),
(263, 4, 'Moinesti'),
(264, 4, 'Onesti'),
(265, 4, 'Slanic-Moldova'),
(266, 4, 'Targu-Ocna'),
(267, 4, 'Agas'),
(268, 4, 'Ardeoani'),
(269, 4, 'Asau'),
(270, 4, 'Balcani'),
(271, 4, 'Barsanesti'),
(272, 4, 'Beresti-Bistrita'),
(273, 4, 'Beresti-Tazlau'),
(274, 4, 'Berzunti'),
(275, 4, 'Blagesti'),
(276, 4, 'Bogdanesti'),
(277, 4, 'Brusturoasa'),
(278, 4, 'Buciumi'),
(279, 4, 'Buhoci'),
(280, 4, 'Caiuti'),
(281, 4, 'Casin'),
(282, 4, 'Cleja'),
(283, 4, 'Colonesti'),
(284, 4, 'Corbasca'),
(285, 4, 'Cotofanesti'),
(286, 4, 'Damienesti'),
(287, 4, 'Dealu Morii'),
(288, 4, 'Dofteana'),
(289, 4, 'Faraoani'),
(290, 4, 'Filipeni'),
(291, 4, 'Filipesti'),
(292, 4, 'Gaiceana'),
(293, 4, 'Garleni'),
(294, 4, 'Ghimes-Faget'),
(295, 4, 'Gioseni'),
(296, 4, 'Glavanesti'),
(297, 4, 'Gura Vaii'),
(298, 4, 'Helegiu'),
(299, 4, 'Hemeius'),
(300, 4, 'Horgesti'),
(301, 4, 'Huruiesti'),
(302, 4, 'Itesti'),
(303, 4, 'Izvoru Berheciului'),
(304, 4, 'Letea Veche'),
(305, 4, 'Lipova'),
(306, 4, 'Livezi'),
(307, 4, 'Luizi-Calugara'),
(308, 4, 'Magiresti'),
(309, 4, 'Magura'),
(310, 4, 'Manastirea Casin'),
(311, 4, 'Margineni'),
(312, 4, 'Motoseni'),
(313, 4, 'Negri'),
(314, 4, 'Nicolae Balcesu'),
(315, 4, 'Odobest'),
(316, 4, 'Oituz'),
(317, 4, 'Oncesti'),
(318, 4, 'Orbeni'),
(319, 4, 'Palanca'),
(320, 4, 'Pancesti'),
(321, 4, 'Parava'),
(322, 4, 'Pargaresti'),
(323, 4, 'Parincea'),
(324, 4, 'Parjol'),
(325, 4, 'Plopana'),
(326, 4, 'Podu Turcului'),
(327, 4, 'Poduri'),
(328, 4, 'Prajesti '),
(329, 4, 'Racaciuni'),
(330, 4, 'Rachitoasa'),
(331, 4, 'Racova'),
(332, 4, 'Rosiori'),
(333, 4, 'Sanduleni'),
(334, 4, 'Sarata'),
(335, 4, 'Sascut'),
(336, 4, 'Saucesti'),
(337, 4, 'Scorteni'),
(338, 4, 'Secuieni'),
(339, 4, 'Solont'),
(340, 4, 'Stanisesti'),
(341, 4, 'Stefan cel Mare'),
(342, 4, 'Strugari'),
(343, 4, 'Tamasi'),
(344, 4, 'Targu Trotus'),
(345, 4, 'Tatarasti'),
(346, 4, 'Traian'),
(347, 4, 'Ungureni'),
(348, 4, 'Urechesti'),
(349, 4, 'Valea Seaca'),
(350, 4, 'Vultureni'),
(351, 4, 'Zemes'),
(352, 5, 'Alesd'),
(353, 5, 'Beius'),
(354, 5, 'Marghita'),
(355, 5, 'Nucet'),
(356, 5, 'Oradea'),
(357, 5, 'Sacueni'),
(358, 5, 'Salonta'),
(359, 5, 'Stei'),
(360, 5, 'Valea lui Mihai'),
(361, 5, 'Vascau'),
(362, 5, 'Abram'),
(363, 5, 'Abramut'),
(364, 5, 'Astileu'),
(365, 5, 'Auseu'),
(366, 5, 'Avram Iancu'),
(367, 5, 'Balc'),
(368, 5, 'Batar'),
(369, 5, 'Biharia'),
(370, 5, 'Boianu Mare'),
(371, 5, 'Borod'),
(372, 5, 'Bors'),
(373, 5, 'Bratca'),
(374, 5, 'Brusturi'),
(375, 5, 'Budureasa'),
(376, 5, 'Buduslau'),
(377, 5, 'Bulz'),
(378, 5, 'Buntesti'),
(379, 5, 'Cabesti'),
(380, 5, 'Campani'),
(381, 5, 'Capalna'),
(382, 5, 'Carpinet'),
(383, 5, 'Cefa'),
(384, 5, 'Ceica'),
(385, 5, 'Cetariu'),
(386, 5, 'Cherechiu'),
(387, 5, 'Chislaz'),
(388, 5, 'Ciuhoi'),
(389, 5, 'Ciumeghiu'),
(390, 5, 'Cociuba Mare'),
(391, 5, 'Copacel'),
(392, 5, 'Cristioru de Jos'),
(393, 5, 'Curatele'),
(394, 5, 'Curtuiseni'),
(395, 5, 'Derna'),
(396, 5, 'Diosig'),
(397, 5, 'Dobresti'),
(398, 5, 'Dragnesti'),
(399, 5, 'Finis'),
(400, 5, 'Gepiu'),
(401, 5, 'Grisu de Cris '),
(402, 5, 'Hidiselu de Sus'),
(403, 5, 'Holod'),
(404, 5, 'Husasau de Tinca'),
(405, 5, 'Ineu'),
(406, 5, 'Lazareni'),
(407, 5, 'Lazuri de Beius'),
(408, 5, 'Lugasu de Jos'),
(409, 5, 'Lunca'),
(410, 5, 'Madaras'),
(411, 5, 'Magesti'),
(412, 5, 'Nojorid'),
(413, 5, 'Olcea'),
(414, 5, 'Osorhei'),
(415, 5, 'Paleu'),
(416, 5, 'Pietroasa'),
(417, 5, 'Pocola'),
(418, 5, 'Pomezeu'),
(419, 5, 'Popesti'),
(420, 5, 'Rabagani'),
(421, 5, 'Remetea '),
(422, 5, 'Rieni'),
(423, 5, 'Rosia'),
(424, 5, 'Rosiori'),
(425, 5, 'Sacadat'),
(426, 5, 'Salacea'),
(427, 5, 'Salard'),
(428, 5, 'Sambata'),
(429, 5, 'Sanmartin'),
(430, 5, 'Sannicolau Roman'),
(431, 5, 'Santandrei'),
(432, 5, 'Sarbi'),
(433, 5, 'Simian'),
(434, 5, 'Sinteu'),
(435, 5, 'Soimi'),
(436, 5, 'Spinus'),
(437, 5, 'Suncuius'),
(438, 5, 'Suplacu de Barcau'),
(439, 5, 'Tamaseu'),
(440, 5, 'Tarcaia'),
(441, 5, 'Tarcea'),
(442, 5, 'Tauteu'),
(443, 5, 'Tetchea'),
(444, 5, 'Tileagd'),
(445, 5, 'Tinca'),
(446, 5, 'Toboliu'),
(447, 5, 'Tulca'),
(448, 5, 'Uileacu de Beius'),
(449, 5, 'Vadu Crisului'),
(450, 5, 'Varciorog'),
(451, 5, 'Viisoara'),
(452, 9, 'Brasov'),
(453, 9, 'Codlea'),
(454, 9, 'Fagaras'),
(455, 9, 'Ghimbav'),
(456, 9, 'Predeal'),
(457, 9, 'Rasnov'),
(458, 9, 'Rupea'),
(459, 9, 'Sacele'),
(460, 9, 'Victoria'),
(461, 9, 'Zarnesti'),
(462, 9, 'Apata'),
(463, 9, 'Augustin'),
(464, 9, 'Beclean'),
(465, 9, 'Bod'),
(466, 9, 'Bran'),
(467, 9, 'Budila'),
(468, 9, 'Bunesti'),
(469, 9, 'Cata'),
(470, 9, 'Cincu'),
(471, 9, 'Comana'),
(472, 9, 'Cristian'),
(473, 9, 'Crizbav'),
(474, 9, 'Dragus'),
(475, 9, 'Dumbravita'),
(476, 9, 'Feldioara'),
(477, 9, 'Fundata'),
(478, 9, 'Halchiu'),
(479, 9, 'Harman'),
(480, 9, 'Harseni'),
(481, 9, 'Hoghiz'),
(482, 9, 'Holbav'),
(483, 9, 'Homorod'),
(484, 9, 'Jibert'),
(485, 9, 'Lisa'),
(486, 9, 'Maierus'),
(487, 9, 'Mandra'),
(488, 9, 'Moieciu'),
(489, 9, 'Ormenis'),
(490, 9, 'Parau'),
(491, 9, 'Poiana Marului'),
(492, 9, 'Prejmer'),
(493, 9, 'Racos'),
(494, 9, 'Recea'),
(495, 9, 'Sambata de Sus'),
(496, 9, 'Sanpetru'),
(497, 9, 'Sercaia'),
(498, 9, 'Sinca'),
(499, 9, 'Sinca Noua'),
(500, 9, 'Soars'),
(501, 9, 'Tarlungeni'),
(502, 9, 'Teliu'),
(503, 9, 'Ticusu'),
(504, 9, 'Ucea'),
(505, 9, 'Ungra'),
(506, 9, 'Vama Buzaului'),
(507, 9, 'Vistea'),
(508, 9, 'Voila'),
(509, 9, 'Vulcan'),
(510, 6, 'Beclean'),
(511, 6, 'Bistrita'),
(512, 6, 'Nasaud'),
(513, 6, 'Sangeorz-Bai'),
(514, 6, 'Bistrita Bargaului'),
(515, 6, 'Branistea'),
(516, 6, 'Budacu de Jos'),
(517, 6, 'Budesti'),
(518, 6, 'Caianu Mic'),
(519, 6, 'Cetate'),
(520, 6, 'Chiochis'),
(521, 6, 'Chiuza'),
(522, 6, 'Ciceu-Giurgesti'),
(523, 6, 'Ciceu-Mihaiesti'),
(524, 6, 'Cosbuc'),
(525, 6, 'Dumitra'),
(527, 6, 'Feldru'),
(528, 6, 'Galatii Bistritei'),
(529, 6, 'Ilva Mare'),
(530, 6, 'Ilva Mica'),
(531, 6, 'Josenii Bargaului'),
(532, 6, 'Lechinta'),
(533, 6, 'Lesu'),
(534, 6, 'Livezile'),
(535, 6, 'Lunca Ilvei'),
(536, 6, 'Magura Ilvei'),
(537, 6, 'Maieru'),
(538, 6, 'Mariselu'),
(539, 6, 'Matei'),
(540, 6, 'Micestii de Campie'),
(541, 6, 'Milas'),
(542, 6, 'Monor'),
(543, 6, 'Negrilesti'),
(544, 6, 'Nimigea'),
(545, 6, 'Nuseni'),
(546, 6, 'Parva'),
(547, 6, 'Petru Rares'),
(548, 6, 'Poiana Ilvei'),
(549, 6, 'Prundu Bargaului'),
(550, 6, 'Rebra'),
(551, 6, 'Rebrisoara'),
(552, 6, 'Rodna'),
(553, 6, 'Romuli'),
(554, 6, 'Runcu Salvei'),
(555, 6, 'Salva'),
(556, 6, 'Sanmihaiu de Campie'),
(557, 6, 'Sant'),
(558, 6, 'Sieu'),
(559, 6, 'Sieu-Magherus'),
(560, 6, 'Sieu-Odorhei'),
(561, 6, 'Sieut'),
(562, 6, 'Silivasu de Campie'),
(563, 6, 'Sintereag'),
(564, 6, 'Spermezeu'),
(565, 6, 'Tarlisua'),
(566, 6, 'Teaca'),
(567, 6, 'Telciu'),
(568, 6, 'Tiha Bargaului'),
(569, 6, 'Uriu'),
(570, 6, 'Urmenis'),
(571, 6, 'Zagra'),
(572, 7, 'Botosani'),
(573, 7, 'Bucecea'),
(574, 7, 'Darabani'),
(575, 7, 'Dorohoi'),
(576, 7, 'Flamanzi'),
(577, 7, 'Saveni'),
(578, 7, 'Stefanesti'),
(579, 7, 'Adaseni'),
(580, 7, 'Albesti'),
(581, 7, 'Avrameni'),
(582, 7, 'Baluseni'),
(583, 7, 'Blandesti'),
(584, 7, 'Braesti'),
(585, 7, 'Broscauti'),
(586, 7, 'Calarasi'),
(587, 7, 'Candesti'),
(588, 7, 'Concesti'),
(589, 7, 'Copalau'),
(590, 7, 'Cordareni'),
(591, 7, 'Corlateni'),
(592, 7, 'Corni'),
(593, 7, 'Cosula'),
(594, 7, 'Cotusca'),
(595, 7, 'Cristesti'),
(596, 7, 'Cristinesti'),
(597, 7, 'Curtesti'),
(598, 7, 'Dangeni'),
(599, 7, 'Dersca'),
(600, 7, 'Dimacheni'),
(601, 7, 'Dobarceni'),
(602, 7, 'Draguseni'),
(603, 7, 'Durnesti'),
(604, 7, 'Frumusica'),
(605, 7, 'George Enescu'),
(606, 7, 'Gorbanesti'),
(607, 7, 'Hanesti'),
(608, 7, 'Havarna'),
(609, 7, 'Hiliseu-Horia'),
(610, 7, 'Hlipiceni'),
(611, 7, 'Hudesti'),
(612, 7, 'Ibanesti'),
(613, 7, 'Leorda'),
(614, 7, 'Lozna'),
(615, 7, 'Lunca'),
(616, 7, 'Manoleasa'),
(617, 7, 'Mihai Eminescu'),
(618, 7, 'Mihaileni'),
(619, 7, 'Mihalaseni'),
(620, 7, 'Mileanca'),
(621, 7, 'Mitoc'),
(622, 7, 'Nicseni'),
(623, 7, 'Paltinis'),
(624, 7, 'Pomarla'),
(625, 7, 'Prajeni'),
(626, 7, 'Rachiti'),
(627, 7, 'Radauti-Prut'),
(628, 7, 'Rauseni'),
(629, 7, 'Ripiceni'),
(630, 7, 'Roma'),
(631, 7, 'Romanesti'),
(632, 7, 'Santa Mare'),
(633, 7, 'Sendriceni'),
(634, 7, 'Stauceni'),
(635, 7, 'Stiubieni'),
(636, 7, 'Suharau'),
(637, 7, 'Sulita'),
(638, 7, 'Todireni'),
(639, 7, 'Trusesti'),
(640, 7, 'Tudora'),
(641, 7, 'Ungureni'),
(642, 7, 'Unteni'),
(643, 7, 'Vaculesti'),
(644, 7, 'Varfu Campului'),
(645, 7, 'Viisoara'),
(646, 7, 'Vladeni'),
(647, 7, 'Vlasinesti'),
(648, 7, 'Vorniceni'),
(649, 7, 'Vorona'),
(650, 8, 'Braila'),
(651, 8, 'Faurei'),
(652, 8, 'Ianca'),
(653, 8, 'Insuratei'),
(654, 8, 'Baraganul'),
(655, 8, 'Bertestii de Jos'),
(656, 8, 'Bordei Verde'),
(657, 8, 'Cazasu'),
(658, 8, 'Chiscani'),
(659, 8, 'Ciocile'),
(660, 8, 'Ciresu'),
(661, 8, 'Dudesti'),
(662, 8, 'Frecatei'),
(663, 8, 'Galbenu'),
(664, 8, 'Gemenele'),
(665, 8, 'Gradistea'),
(666, 8, 'Gropeni'),
(667, 8, 'Jirlau'),
(668, 8, 'Marasu'),
(669, 8, 'Maxineni'),
(670, 8, 'Mircea Voda'),
(671, 8, 'Movila Miresii'),
(672, 8, 'Racovita'),
(673, 8, 'Ramnicelu'),
(674, 8, 'Romanu'),
(675, 8, 'Rosiori'),
(676, 8, 'Salcia Tudor'),
(677, 8, 'Scortaru Nou'),
(678, 8, 'Silistea'),
(679, 8, 'Stancuta'),
(680, 8, 'Surdila-Gaiseanca'),
(681, 8, 'Surdila-Greci'),
(682, 8, 'Sutesti'),
(683, 8, 'Tichilesti'),
(684, 8, 'Traian'),
(685, 8, 'Tudor Vladimirescu'),
(686, 8, 'Tufesti'),
(687, 8, 'Ulmu'),
(688, 8, 'Unirea'),
(689, 8, 'Vadeni'),
(690, 8, 'Victoria'),
(691, 8, 'Visani'),
(692, 8, 'Viziru'),
(693, 8, 'Zavoaia'),
(694, 53, 'Sector 1'),
(695, 53, 'Sector 2'),
(696, 53, 'Sector 3'),
(697, 53, 'Sector 4'),
(698, 53, 'Sector 5'),
(699, 53, 'Sector 6'),
(700, 11, 'Budesti'),
(701, 11, 'Calarasi'),
(702, 11, 'Fundulea'),
(703, 11, 'Lehliu-Gara'),
(704, 11, 'Oltenita'),
(705, 11, 'Alexandru Odobescu'),
(706, 11, 'Belciugatele'),
(707, 11, 'Borcea'),
(708, 11, 'Cascioarele'),
(709, 11, 'Chirnogi'),
(710, 11, 'Chiselet'),
(711, 11, 'Ciocanesti'),
(712, 11, 'Crivat'),
(713, 11, 'Curcani'),
(714, 11, 'Cuza Voda'),
(715, 11, 'Dichiseni'),
(716, 11, 'Dor Marunt'),
(717, 11, 'Dorobantu'),
(718, 11, 'Dragalina'),
(719, 11, 'Dragos Voda'),
(720, 11, 'Frasinet'),
(721, 11, 'Frumusani'),
(722, 11, 'Fundeni'),
(723, 11, 'Galbinasi'),
(724, 11, 'Gradistea'),
(725, 11, 'Gurbanesti'),
(726, 11, 'Ileana'),
(727, 11, 'Independenta'),
(728, 11, 'Jegalia'),
(729, 11, 'Lehliu'),
(730, 11, 'Luica'),
(731, 11, 'Lupsanu'),
(732, 11, 'Manastrirea'),
(733, 11, 'Mitreni'),
(734, 11, 'Modelu'),
(735, 11, 'Nana'),
(736, 11, 'Nicolae Balcescu'),
(737, 11, 'Perisoru'),
(738, 11, 'Plataresti'),
(739, 11, 'Radovanu'),
(740, 11, 'Roseti'),
(741, 11, 'Sarulesti'),
(742, 11, 'Sohatu'),
(743, 11, 'Soldanu'),
(744, 11, 'Spantov'),
(745, 11, 'Stefan cel Mare'),
(746, 11, 'Stefan Voda'),
(747, 11, 'Tamadau Mare'),
(748, 11, 'Ulmeni'),
(749, 11, 'Ulmu'),
(750, 11, 'Unirea'),
(751, 11, 'Valcelele'),
(752, 11, 'Valea Argovei'),
(753, 11, 'Vasilati'),
(754, 11, 'Vlad Tepes'),
(755, 13, 'Campia Turzii'),
(756, 13, 'Cluj-Napoca'),
(757, 13, 'Dej'),
(758, 13, 'Gherla'),
(759, 13, 'Huedin'),
(760, 13, 'Turda'),
(761, 13, 'Aghirescu'),
(762, 13, 'Aiton'),
(763, 13, 'Alunis'),
(764, 13, 'Apahida'),
(765, 13, 'Aschileu'),
(766, 13, 'Baciu'),
(767, 13, 'Baisoara'),
(768, 13, 'Belis'),
(769, 13, 'Bobalna'),
(770, 13, 'Bontida'),
(771, 13, 'Borsa'),
(772, 13, 'Buza'),
(773, 13, 'Caianu'),
(774, 13, 'Calarasi'),
(775, 13, 'Calatele'),
(776, 13, 'Camarasu'),
(777, 13, 'Capusu Mare'),
(778, 13, 'Caseiu'),
(779, 13, 'Catcau'),
(780, 13, 'Catina'),
(781, 13, 'Ceanu Mare'),
(782, 13, 'Chinteni'),
(783, 13, 'Chiuiesti'),
(784, 13, 'Ciucea'),
(785, 13, 'Ciurila'),
(786, 13, 'Cojocna'),
(787, 13, 'Cornesti'),
(788, 13, 'Cuzdrioara'),
(789, 13, 'Dabaca'),
(790, 13, 'Feleacu'),
(791, 13, 'Fizesu Gherlii'),
(792, 13, 'Floresti'),
(793, 13, 'Frata'),
(794, 13, 'Garbau'),
(795, 13, 'Geaca'),
(796, 13, 'Gilau'),
(797, 13, 'Iara'),
(798, 13, 'Iclod'),
(799, 13, 'Izvoru Crisului'),
(800, 13, 'Jichisu de Jos'),
(801, 13, 'Jucu'),
(802, 13, 'Luna'),
(803, 13, 'Maguri-Racatau'),
(804, 13, 'Manastireni'),
(805, 13, 'Margau'),
(806, 13, 'Marisel'),
(807, 13, 'Mica'),
(808, 13, 'Mihai Viteazu'),
(809, 13, 'Mintiu Gherlii'),
(810, 13, 'Mociu'),
(811, 13, 'Moldovenesti'),
(812, 13, 'Negreni'),
(813, 13, 'Palatca'),
(814, 13, 'Panticeu'),
(815, 13, 'Petrestii de Jos'),
(816, 13, 'Ploscos'),
(817, 13, 'Poieni'),
(818, 13, 'Rasca'),
(819, 13, 'Recea-Cristur'),
(820, 13, 'Sacuieu'),
(821, 13, 'Sancraiu'),
(822, 13, 'Sandulesti'),
(823, 13, 'Sanmartin'),
(824, 13, 'Sanpaul'),
(825, 13, 'Savadisla'),
(826, 13, 'Sic'),
(827, 13, 'Suatu'),
(828, 13, 'Taga'),
(829, 13, 'Tritenii de Jos'),
(830, 13, 'Tureni'),
(831, 13, 'Unguras'),
(832, 13, 'Vad'),
(833, 13, 'Valea Ierii'),
(834, 13, 'Viisoara'),
(835, 13, 'Vultureni'),
(836, 10, 'Buzau'),
(837, 10, 'Nehoiu'),
(838, 10, 'Patarlagele'),
(839, 10, 'Pogoanele'),
(840, 10, 'Ramnicu Sarat'),
(841, 10, 'Amaru'),
(842, 10, 'Balaceanu'),
(843, 10, 'Balta Alba'),
(844, 10, 'Beceni'),
(845, 10, 'Berca'),
(846, 10, 'Bisoca'),
(847, 10, 'Blajani'),
(848, 10, 'Boldu'),
(849, 10, 'Bozioru'),
(850, 10, 'Bradeanu'),
(851, 10, 'Braesti'),
(852, 10, 'Breaza'),
(853, 10, 'Buda'),
(854, 10, 'C.A Rosetti'),
(855, 10, 'Calvini'),
(856, 10, 'Canesti'),
(857, 10, 'Catina'),
(858, 10, 'Cernatesti'),
(859, 10, 'Chiliile'),
(860, 10, 'Chiojdu'),
(861, 10, 'Cilibia'),
(862, 10, 'Cislau'),
(863, 10, 'Cochirleanca'),
(864, 10, 'Colti'),
(865, 10, 'Costesti'),
(866, 10, 'Cozieni'),
(867, 10, 'Florica'),
(868, 10, 'Galbinasi'),
(869, 10, 'Gheraseni'),
(870, 10, 'Ghergheasa'),
(871, 10, 'Glodeanu Sarat'),
(872, 10, 'Glodeanu-Silistea'),
(873, 10, 'Grebanu'),
(874, 10, 'Gura Teghii'),
(875, 10, 'Largu'),
(876, 10, 'Lopatari'),
(877, 10, 'Luciu'),
(878, 10, 'Magura'),
(879, 10, 'Manzalesti'),
(880, 10, 'Maracineni'),
(881, 10, 'Margaritesti'),
(882, 10, 'Merei'),
(883, 10, 'Mihailesti'),
(884, 10, 'Movila Banului'),
(885, 10, 'Murgesti'),
(886, 10, 'Naeni'),
(887, 10, 'Odaile'),
(888, 10, 'Padina'),
(889, 10, 'Panatau'),
(890, 10, 'Pardosi'),
(891, 10, 'Parscov'),
(892, 10, 'Pietroasele'),
(893, 10, 'Podgoria'),
(894, 10, 'Posta Calnau'),
(895, 10, 'Puiesti'),
(896, 10, 'Racoviteni'),
(897, 10, 'Ramnicelu'),
(898, 10, 'Robeasca'),
(899, 10, 'Rusetu'),
(900, 10, 'Sageata'),
(901, 10, 'Sahateni'),
(902, 10, 'Sapoca'),
(903, 10, 'Sarulesti'),
(904, 10, 'Scortoasa'),
(905, 10, 'Scutelnici'),
(906, 10, 'Siriu'),
(907, 10, 'Smeeni'),
(908, 10, 'Stalpu'),
(909, 10, 'Tintesti'),
(910, 10, 'Tisau'),
(911, 10, 'Topliceni'),
(912, 10, 'Ulmeni'),
(913, 10, 'Unguriu'),
(914, 10, 'Vadu Pasii'),
(915, 10, 'Valcelele'),
(916, 10, 'Valea Ramnicului'),
(917, 10, 'Valea Salciei'),
(918, 10, 'Vernesti'),
(919, 10, 'Vintila Voda'),
(920, 10, 'Viperesti'),
(921, 10, 'Zarnesti'),
(922, 10, 'Ziduri'),
(923, 14, 'Baneasa'),
(924, 14, 'Cernavoda'),
(925, 14, 'Constanta'),
(926, 14, 'Eforie'),
(927, 14, 'Harsova'),
(928, 14, 'Mangalia'),
(929, 14, 'Megidia'),
(930, 14, 'Murfatlar'),
(931, 14, 'Navodari'),
(932, 14, 'Negru Voda'),
(933, 14, 'Ovidiu'),
(934, 14, 'Techirghiol'),
(935, 14, '23 August'),
(936, 14, 'Adamclisi'),
(937, 14, 'Agigea'),
(938, 14, 'Albesti'),
(939, 14, 'Aliman'),
(940, 14, 'Amzacea'),
(941, 14, 'Baraganu'),
(942, 14, 'Castelu'),
(943, 14, 'Cerchezu'),
(944, 14, 'Chirnogeni'),
(945, 14, 'Ciobanu'),
(946, 14, 'Ciocarlia'),
(947, 14, 'Cobadin'),
(948, 14, 'Cogealac'),
(949, 14, 'Comana'),
(950, 14, 'Corbu'),
(951, 14, 'Costinesti'),
(952, 14, 'Crucea'),
(953, 14, 'Cumpana'),
(954, 14, 'Cuza Voda'),
(955, 14, 'Deleni'),
(956, 14, 'Dobromir'),
(957, 14, 'Dumbraveni'),
(958, 14, 'Fantanele'),
(959, 14, 'Garliciu'),
(960, 14, 'Ghindaresti'),
(961, 14, 'Gradina'),
(962, 14, 'Horia'),
(963, 14, 'Independenta'),
(964, 14, 'Ion Corvin'),
(965, 14, 'Istria'),
(966, 14, 'Limanu'),
(967, 14, 'Lipnita'),
(968, 14, 'Lumina'),
(969, 14, 'Mereni'),
(970, 14, 'Mihai Viteazu'),
(971, 14, 'Mihail Kogalniceanu'),
(972, 14, 'Mircea Voda'),
(973, 14, 'Nicolae Balcescu'),
(974, 14, 'Oltina'),
(975, 14, 'Ostrov'),
(976, 14, 'Pantelimon'),
(977, 14, 'Pecineaga'),
(978, 14, 'Pestera'),
(979, 14, 'Poarta Alba'),
(980, 14, 'Rasova'),
(981, 14, 'Sacele'),
(982, 14, 'Saligny'),
(983, 14, 'Saraiu'),
(984, 14, 'Seimeni'),
(985, 14, 'Silistea'),
(986, 14, 'Targusor'),
(987, 14, 'Topalu'),
(988, 14, 'Topraisar'),
(989, 14, 'Tortoman'),
(990, 14, 'Tuzla'),
(991, 14, 'Valu lui Traian'),
(992, 14, 'Vulturu'),
(993, 12, 'Anina'),
(994, 12, 'Baile Herculane'),
(995, 12, 'Bocsa'),
(996, 12, 'Caransebes'),
(997, 12, 'Moldova Noua'),
(998, 12, 'Oravita'),
(999, 12, 'Otelu Rosu'),
(1000, 12, 'Resita'),
(1001, 12, 'Armenis'),
(1002, 12, 'Bania'),
(1003, 12, 'Bautar'),
(1004, 12, 'Berliste'),
(1005, 12, 'Berzasca'),
(1006, 12, 'Berzovia'),
(1007, 12, 'Bolvasnita'),
(1008, 12, 'Bozovici'),
(1009, 12, 'Brebu'),
(1010, 12, 'Brebu Nou'),
(1011, 12, 'Buchin'),
(1012, 12, 'Bucosnita'),
(1013, 12, 'Carasova'),
(1014, 12, 'Carbunari'),
(1015, 12, 'Ciclova Romana'),
(1016, 12, 'Ciuchici'),
(1017, 12, 'Ciudanovita'),
(1018, 12, 'Constantin Daicoviciu'),
(1019, 12, 'Copacele'),
(1020, 12, 'Cornea'),
(1021, 12, 'Cornereva'),
(1022, 12, 'Coronini'),
(1023, 12, 'Dalboset'),
(1024, 12, 'Doclin'),
(1025, 12, 'Dognecea'),
(1026, 12, 'Domasnea'),
(1027, 12, 'Eftimie Murgu'),
(1028, 12, 'Ezeris'),
(1029, 12, 'Farliug'),
(1030, 12, 'Forotic'),
(1031, 12, 'Garnic'),
(1032, 12, 'Glimboca'),
(1033, 12, 'Goruia'),
(1034, 12, 'Gradinari'),
(1035, 12, 'Iablanita'),
(1036, 12, 'Lapusnicel'),
(1037, 12, 'Lapusnicu Mare'),
(1038, 12, 'Luncavita'),
(1039, 12, 'Lupac'),
(1040, 12, 'Marga'),
(1041, 12, 'Maureni'),
(1042, 12, 'Mehadia'),
(1043, 12, 'Mehadica'),
(1044, 12, 'Naidas'),
(1045, 12, 'Obreja'),
(1046, 12, 'Ocna de Fier'),
(1047, 12, 'Paltinis'),
(1048, 12, 'Pojejena'),
(1049, 12, 'Prigor'),
(1050, 12, 'Racasdia'),
(1051, 12, 'Ramna'),
(1052, 12, 'Rusca Montana'),
(1053, 12, 'Sacu'),
(1054, 12, 'Sasca Montana'),
(1055, 12, 'Sichevita'),
(1056, 12, 'Slatina-Timis'),
(1057, 12, 'Socol'),
(1058, 12, 'Sopotu Nou'),
(1059, 12, 'Tarnova'),
(1060, 12, 'Teregova'),
(1061, 12, 'Ticvaniu Mare'),
(1062, 12, 'Toplet'),
(1063, 12, 'Turnu Ruieni'),
(1064, 12, 'Valiug'),
(1065, 12, 'Varadia'),
(1066, 12, 'Vermes'),
(1067, 12, 'Vrani'),
(1068, 12, 'Zavoi'),
(1069, 12, 'Zorlentu Mare'),
(1070, 15, 'Baraolt'),
(1071, 15, 'Covasna'),
(1072, 15, 'Intorsatura Buzaului'),
(1073, 15, 'Sfantu Gheorghe'),
(1074, 15, 'Targu Secuiesc'),
(1075, 15, 'Aita Mare'),
(1076, 15, 'Arcus'),
(1077, 15, 'Barcani'),
(1078, 15, 'Batani'),
(1079, 15, 'Belin'),
(1080, 15, 'Bixad'),
(1081, 15, 'Bodoc'),
(1082, 15, 'Borosneu Mare'),
(1083, 15, 'Bradut'),
(1084, 15, 'Brates'),
(1085, 15, 'Bretcu'),
(1086, 15, 'Catalina'),
(1087, 15, 'Cernat'),
(1088, 15, 'Chichis'),
(1089, 15, 'Comandau'),
(1090, 15, 'Dalnic'),
(1091, 15, 'Dobarlau'),
(1092, 15, 'Estelnic'),
(1093, 15, 'Ghelinta'),
(1094, 15, 'Ghidfalau'),
(1095, 15, 'Haghig'),
(1096, 15, 'Ilieni'),
(1097, 15, 'Lemnia'),
(1098, 15, 'Malnas'),
(1099, 15, 'Mereni'),
(1100, 15, 'Micfalau'),
(1101, 15, 'Moacsa'),
(1102, 15, 'Ojdula'),
(1103, 15, 'Ozun'),
(1104, 15, 'Poian'),
(1105, 15, 'Reci'),
(1106, 15, 'Sanzieni'),
(1107, 15, 'Sita Buzaului'),
(1108, 15, 'Turia'),
(1109, 15, 'Valcele'),
(1110, 15, 'Valea Crisului'),
(1111, 15, 'Valea Mare'),
(1112, 15, 'Varghis'),
(1113, 15, 'Zabala'),
(1114, 15, 'Zagon'),
(1115, 16, 'Fieni'),
(1116, 16, 'Gaesti'),
(1117, 16, 'Moreni'),
(1118, 16, 'Pucioasa'),
(1119, 16, 'Racari'),
(1120, 16, 'Targoviste'),
(1121, 16, 'Titu'),
(1122, 16, 'Aninoasa'),
(1123, 16, 'Baleni'),
(1124, 16, 'Barbuletu'),
(1125, 16, 'Bezdead'),
(1126, 16, 'Bilciuresti'),
(1127, 16, 'Branesti'),
(1128, 16, 'Branistea'),
(1129, 16, 'Brezoaele'),
(1130, 16, 'Buciumeni'),
(1131, 16, 'Bucsani'),
(1132, 16, 'Butimanu'),
(1133, 16, 'Candesti'),
(1134, 16, 'Ciocanesti'),
(1135, 16, 'Cobia'),
(1136, 16, 'Cojasca'),
(1137, 16, 'Comisani'),
(1138, 16, 'Contesti'),
(1139, 16, 'Corbii Mari'),
(1140, 16, 'Cornatelu'),
(1141, 16, 'Cornesti'),
(1142, 16, 'Costestii din Vale'),
(1143, 16, 'Crangurile'),
(1144, 16, 'Crevedia'),
(1145, 16, 'Darmanesti'),
(1146, 16, 'Dobra'),
(1147, 16, 'Doicesti'),
(1148, 16, 'Dragodana'),
(1149, 16, 'Dragomiresti'),
(1150, 16, 'Finta'),
(1151, 16, 'Glodeni'),
(1152, 16, 'Gura Foii'),
(1153, 16, 'Gura Ocnitei'),
(1154, 16, 'Gura Sutii'),
(1155, 16, 'Hulubesti'),
(1156, 16, 'I. L. Caragiale'),
(1157, 16, 'Iedera'),
(1158, 16, 'Lucieni'),
(1159, 16, 'Ludesti'),
(1160, 16, 'Lunguletu'),
(1161, 16, 'Malu cu Flori'),
(1162, 16, 'Manesti'),
(1163, 16, 'Matasaru'),
(1164, 16, 'Mogosani'),
(1165, 16, 'Moroeni'),
(1166, 16, 'Morteni'),
(1167, 16, 'Motaieni'),
(1168, 16, 'Niculesti'),
(1169, 16, 'Nucet'),
(1170, 16, 'Ocnita'),
(1171, 16, 'Odobesti'),
(1172, 16, 'Persinari'),
(1173, 16, 'Petresti'),
(1174, 16, 'Pietrari'),
(1175, 16, 'Pietrosita'),
(1176, 16, 'Poiana'),
(1177, 16, 'Potlogi'),
(1178, 16, 'Produlesti'),
(1179, 16, 'Pucheni'),
(1180, 16, 'Raciu'),
(1181, 16, 'Rascaeti'),
(1182, 16, 'Rau Alb'),
(1183, 16, 'Razvad'),
(1184, 16, 'Runcu'),
(1185, 16, 'Salcioara'),
(1186, 16, 'Selaru'),
(1187, 16, 'Slobozia Moara'),
(1188, 16, 'Sotanga'),
(1189, 16, 'Tartasesti'),
(1190, 16, 'Tatarani'),
(1191, 16, 'Uliesti'),
(1192, 16, 'Ulmi'),
(1193, 16, 'Vacaresti'),
(1194, 16, 'Valea Lunga'),
(1195, 16, 'Valea Mare'),
(1196, 16, 'Valeni-Dambovita'),
(1197, 16, 'Varfuri'),
(1198, 16, 'Visina'),
(1199, 16, 'Visinesti'),
(1200, 16, 'Vladeni'),
(1201, 16, 'Voinesti'),
(1202, 16, 'Vulcana-Bai'),
(1203, 16, 'Vulcana-Pandele'),
(1204, 18, 'Beresti'),
(1205, 18, 'Galati'),
(1206, 18, 'Targu Bujor'),
(1207, 18, 'Tecuc'),
(1208, 18, 'Balabanesti'),
(1209, 18, 'Balasesti'),
(1210, 18, 'Baleni'),
(1211, 18, 'Baneasa'),
(1212, 18, 'Barcea'),
(1213, 18, 'Beresti-Meria'),
(1214, 18, 'Brahasesti'),
(1215, 18, 'Branistea'),
(1216, 18, 'Buciumeni'),
(1217, 18, 'Cavadinesti'),
(1218, 18, 'Certesti'),
(1219, 18, 'Corni'),
(1220, 18, 'Corod'),
(1221, 18, 'Cosmesti'),
(1222, 18, 'Costache Negri'),
(1223, 18, 'Cuca'),
(1224, 18, 'Cudalbi'),
(1225, 18, 'Cuza Voda'),
(1226, 18, 'Draganesti'),
(1227, 18, 'Draguseni'),
(1228, 18, 'Fartanesti'),
(1229, 18, 'Foltesti'),
(1230, 18, 'Frumusita'),
(1231, 18, 'Fundeni'),
(1232, 18, 'Ghidigeni'),
(1233, 18, 'Gohor'),
(1234, 18, 'Grivita'),
(1235, 18, 'Independenta'),
(1236, 18, 'Ivesti'),
(1237, 18, 'Jorasti'),
(1238, 18, 'Liesti'),
(1239, 18, 'Mastacani'),
(1240, 18, 'Matca'),
(1241, 18, 'Movileni'),
(1242, 18, 'Munteni'),
(1243, 18, 'Namoloasa'),
(1244, 18, 'Negrilesti'),
(1245, 18, 'Nicoresti'),
(1246, 18, 'Oancea'),
(1247, 18, 'Pechea'),
(1248, 18, 'Piscu'),
(1249, 18, 'Poiana'),
(1250, 18, 'Proponesti'),
(1251, 18, 'Radesti'),
(1252, 18, 'Rediu'),
(1253, 18, 'Scanteiesti'),
(1254, 18, 'Schela'),
(1255, 18, 'Sendreni'),
(1256, 18, 'Slobozia Conachi'),
(1257, 18, 'Smardan'),
(1258, 18, 'Smulti'),
(1259, 18, 'Suceveni'),
(1260, 18, 'Suhurlui'),
(1261, 18, 'Tepu'),
(1262, 18, 'Tudor Vladimirescu'),
(1263, 18, 'Tulucesti'),
(1264, 18, 'Umbraresti'),
(1265, 18, 'Valea Marului'),
(1266, 18, 'Vanatori'),
(1267, 18, 'Varlezi'),
(1268, 18, 'Vladesti'),
(1269, 19, 'Bolintin-Vale'),
(1270, 19, 'Giurgiu'),
(1271, 19, 'Mihailesti'),
(1272, 19, 'Adunatii-Copaceni'),
(1273, 19, 'Baneasa'),
(1274, 19, 'Bolintin-Deal'),
(1275, 19, 'Buscani'),
(1276, 19, 'Bulbucata'),
(1277, 19, 'Buturugeni'),
(1278, 19, 'Calugareni'),
(1279, 19, 'Clejani'),
(1280, 19, 'Colibasi'),
(1281, 19, 'Comana'),
(1282, 19, 'Cososba'),
(1283, 19, 'Crevedia Mare'),
(1284, 19, 'Daia'),
(1285, 19, 'Floresti-Stoenesti'),
(1286, 19, 'Fratesti'),
(1287, 19, 'Gaiseni'),
(1288, 19, 'Gaujani'),
(1289, 19, 'Ghimpati'),
(1290, 19, 'Gogosari'),
(1291, 19, 'Gostinari'),
(1292, 19, 'Gostinu'),
(1293, 19, 'Gradinari'),
(1294, 19, 'Greaca'),
(1295, 19, 'Herasti'),
(1296, 19, 'Hotarele'),
(1297, 19, 'Iepuresti'),
(1298, 19, 'Isvoarele'),
(1299, 19, 'Izvoarele'),
(1300, 19, 'Joita'),
(1301, 19, 'Letca Noua'),
(1302, 19, 'Malu'),
(1303, 19, 'Marsa'),
(1304, 19, 'Mihai Bravu'),
(1305, 19, 'Ogrezeni'),
(1306, 19, 'Oinacu'),
(1307, 19, 'Prundu'),
(1308, 19, 'Putineiu'),
(1309, 19, 'Rasuceni'),
(1310, 19, 'Roata de Jos'),
(1311, 19, 'Sabareni'),
(1312, 19, 'Schitu'),
(1313, 19, 'Singureni'),
(1314, 19, 'Slobozia'),
(1315, 19, 'Stanesti'),
(1316, 19, 'Stoenesti'),
(1317, 19, 'Toporu'),
(1318, 19, 'Ulmi'),
(1319, 19, 'Valea Dragului'),
(1320, 19, 'Vanatorii Mici'),
(1321, 19, 'Varasti'),
(1322, 19, 'Vedea'),
(1323, 20, 'Bumbesti-Jiu'),
(1324, 20, 'Motru'),
(1325, 20, 'Novaci'),
(1326, 20, 'Rovinari'),
(1327, 20, 'Targu Carbunesti'),
(1328, 20, 'Targu Jiu'),
(1329, 20, 'Ticleni'),
(1330, 20, 'Tismana'),
(1331, 20, 'Turceni'),
(1332, 20, 'Albeni'),
(1333, 20, 'Alimpesti'),
(1334, 20, 'Aninoasa'),
(1335, 20, 'Arcani'),
(1336, 20, 'Baia de Fier'),
(1337, 20, 'Balanesti'),
(1338, 20, 'Balesti'),
(1339, 20, 'Balteni'),
(1340, 20, 'Barbatesti'),
(1341, 20, 'Bengesti-Ciocadia'),
(1342, 20, 'Berlesti'),
(1343, 20, 'Bolbosi'),
(1344, 20, 'Borascu'),
(1345, 20, 'Branesti'),
(1346, 20, 'Bumbesti-Pitic'),
(1347, 20, 'Bustuchin'),
(1348, 20, 'Calnic'),
(1349, 20, 'Capreni'),
(1350, 20, 'Catunele'),
(1351, 20, 'Ciuperceni'),
(1352, 20, 'Crasna'),
(1353, 20, 'Cruset'),
(1354, 20, 'Danciulesti'),
(1355, 20, 'Danesti'),
(1356, 20, 'Dragotesti'),
(1357, 20, 'Dragutesti'),
(1358, 20, 'Farcasesti'),
(1359, 20, 'Glogova'),
(1360, 20, 'Godinesti'),
(1361, 20, 'Hurezani'),
(1362, 20, 'Ionesti'),
(1363, 20, 'Jupanesti'),
(1364, 20, 'Lelesti'),
(1365, 20, 'Licurici'),
(1366, 20, 'Logresti'),
(1367, 20, 'Matasari'),
(1368, 20, 'Musetesti'),
(1369, 20, 'Negomir'),
(1370, 20, 'Pades'),
(1371, 20, 'Pestisani'),
(1372, 20, 'Plopsoru'),
(1373, 20, 'Polovragi'),
(1374, 20, 'Prigoria'),
(1375, 20, 'Rosia de Amaradia'),
(1376, 20, 'Runcu'),
(1377, 20, 'Sacelu'),
(1378, 20, 'Samarinesti'),
(1379, 20, 'Saulesti'),
(1380, 20, 'Schela'),
(1381, 20, 'Scoarta'),
(1382, 20, 'Slivilesti'),
(1383, 20, 'Stanesti'),
(1384, 20, 'Stejari'),
(1385, 20, 'Stoina'),
(1386, 20, 'Tantareni'),
(1387, 20, 'Telesti'),
(1388, 20, 'Turburea'),
(1389, 20, 'Turcinesti'),
(1390, 20, 'Urdari'),
(1391, 20, 'Vagiulesti'),
(1392, 20, 'Vladimir'),
(1393, 21, 'Baile Tusnad'),
(1394, 21, 'Balan'),
(1395, 21, 'Borsec'),
(1396, 21, 'Cisturu Secuiesc'),
(1397, 21, 'Gheorgheni'),
(1398, 21, 'Miercurea-Ciuc'),
(1399, 21, 'Odorheiu Secuiesc'),
(1400, 21, 'Toplita'),
(1401, 21, 'Vlahita'),
(1402, 21, 'Atid'),
(1403, 21, 'Avramesti'),
(1404, 21, 'Bilbor'),
(1405, 21, 'Bradesti'),
(1406, 21, 'Capalnita'),
(1407, 21, 'Carta'),
(1408, 21, 'Ciceu'),
(1409, 21, 'Ciucsangeorgiu'),
(1410, 21, 'Ciumani'),
(1411, 21, 'Corbu'),
(1412, 21, 'Corund'),
(1413, 21, 'Cozmeni'),
(1414, 21, 'Danesti'),
(1415, 21, 'Darjiu'),
(1416, 21, 'Dealu'),
(1417, 21, 'Ditrau'),
(1418, 21, 'Feliceni'),
(1419, 21, 'Frumoasa'),
(1420, 21, 'Galautas'),
(1421, 21, 'Joseni'),
(1422, 21, 'Lazarea'),
(1423, 21, 'Leliceni'),
(1424, 21, 'Lueta'),
(1425, 21, 'Lunca de Jos'),
(1426, 21, 'Luna de Sus'),
(1427, 21, 'Lupeni'),
(1428, 21, 'Madaras'),
(1429, 21, 'Martinis'),
(1430, 21, 'Meresti'),
(1431, 21, 'Mihaileni'),
(1432, 21, 'Mugeni'),
(1433, 21, 'Ocland'),
(1434, 21, 'Pauleni-Ciuc'),
(1435, 21, 'Plaiesii de Jos'),
(1436, 21, 'Porumbenii Mari'),
(1437, 21, 'Praid'),
(1438, 21, 'Racu'),
(1439, 21, 'Remetea'),
(1440, 21, 'Sacel'),
(1441, 21, 'Sancraieni'),
(1442, 21, 'Sandominic'),
(1443, 21, 'Sanmartin'),
(1444, 21, 'Sansimion'),
(1445, 21, 'Santimbru'),
(1446, 21, 'Sarmas'),
(1447, 21, 'Satu Mare'),
(1448, 21, 'Secuieni'),
(1449, 21, 'Siculeni'),
(1450, 21, 'Simonesti'),
(1451, 21, 'Subcetate'),
(1452, 21, 'Suseni'),
(1453, 21, 'Tomesti'),
(1454, 21, 'Tulghes'),
(1455, 21, 'Tusnad'),
(1456, 21, 'Ulies'),
(1457, 21, 'Varsag'),
(1458, 21, 'Voslabeni'),
(1459, 21, 'Zetea'),
(1460, 22, 'Aninoasa'),
(1461, 22, 'Brad'),
(1462, 22, 'Calan'),
(1463, 22, 'Deva'),
(1464, 22, 'Geoagiu'),
(1465, 22, 'Hateg'),
(1466, 22, 'Hunedoara'),
(1467, 22, 'Lupeni'),
(1468, 22, 'Orastie'),
(1469, 22, 'Petrila'),
(1470, 22, 'Petrosani'),
(1471, 22, 'Simeria'),
(1472, 22, 'Uricani'),
(1473, 22, 'Vulcan'),
(1474, 22, 'Bacia'),
(1475, 22, 'Baia de Cris'),
(1476, 22, 'Baita'),
(1477, 22, 'Balsa'),
(1478, 22, 'Banita'),
(1479, 22, 'Baru'),
(1480, 22, 'Batrana'),
(1481, 22, 'Beriu'),
(1482, 22, 'Blajeni'),
(1483, 22, 'Bosorod'),
(1484, 22, 'Branisca'),
(1485, 22, 'Bretea Romana'),
(1486, 22, 'Buces'),
(1487, 22, 'Bucuresci'),
(1488, 22, 'Bulzestii de Sus'),
(1489, 22, 'Bunila'),
(1490, 22, 'Burjuc'),
(1491, 22, 'Carjiti'),
(1492, 22, 'Cerbal'),
(1493, 22, 'Certeju de Sus'),
(1494, 22, 'Criscior'),
(1495, 22, 'Densus'),
(1496, 22, 'Dobra'),
(1497, 22, 'General Berthelot'),
(1498, 22, 'Ghelari'),
(1499, 22, 'Gurasada'),
(1500, 22, 'Harau'),
(1501, 22, 'Ilia'),
(1502, 22, 'Lapugiu de Jos'),
(1503, 22, 'Lelese'),
(1504, 22, 'Lunca Cernii de Jos'),
(1505, 22, 'Luncoiu de Jos'),
(1506, 22, 'Martinesti'),
(1507, 22, 'Orastioara de Sus'),
(1508, 22, 'Pestisu Mic'),
(1509, 22, 'Pui'),
(1510, 22, 'Rachitova'),
(1511, 22, 'Rapoltu Mare'),
(1512, 22, 'Rau de Mori'),
(1513, 22, 'Ribita'),
(1514, 22, 'Romos'),
(1515, 22, 'Salasu de Sus'),
(1516, 22, 'Santamaria-Orlea'),
(1517, 22, 'Sarmizegetusa'),
(1518, 22, 'Soimus'),
(1519, 22, 'Teliucu Inferior'),
(1520, 22, 'Tomesti'),
(1521, 22, 'Toplita'),
(1522, 22, 'Totesti'),
(1523, 22, 'Turdas'),
(1524, 22, 'Valisoara'),
(1525, 22, 'Vata de Jos'),
(1526, 22, 'Vetel'),
(1527, 22, 'Vorta'),
(1528, 22, 'Zam'),
(1529, 17, 'Bailesti'),
(1530, 17, 'Bechet'),
(1531, 17, 'Calafat'),
(1532, 17, 'Craiova'),
(1533, 17, 'Dabuleni'),
(1534, 17, 'Filiasi'),
(1535, 17, 'Segarcea'),
(1536, 17, 'Afumati'),
(1537, 17, 'Almaj'),
(1538, 17, 'Amarastii de Jos'),
(1539, 17, 'Amarastii de Sus'),
(1540, 17, 'Apele Vii'),
(1541, 17, 'Argetoaia'),
(1542, 17, 'Barca'),
(1543, 17, 'Bistret'),
(1544, 17, 'Botosesti-Paia'),
(1545, 17, 'Brabova'),
(1546, 17, 'Bradesti'),
(1547, 17, 'Bralostita'),
(1548, 17, 'Bratovoesti'),
(1549, 17, 'Breasta'),
(1550, 17, 'Bucovat'),
(1551, 17, 'Bulzesti'),
(1552, 17, 'Calarasi'),
(1553, 17, 'Calopar'),
(1554, 17, 'Caraula'),
(1555, 17, 'Carcea'),
(1556, 17, 'Carna'),
(1557, 17, 'Carpen'),
(1558, 17, 'Catranova'),
(1559, 17, 'Catane'),
(1560, 17, 'Celaru'),
(1561, 17, 'Cerat'),
(1562, 17, 'Cernatesti'),
(1563, 17, 'Cetate'),
(1564, 17, 'Cioroiasi'),
(1565, 17, 'Ciupercenii Noi'),
(1566, 17, 'Cosoveni'),
(1567, 17, 'Cotofenii din Dos'),
(1568, 17, 'Cotofenii din Fata'),
(1569, 17, 'Daneti'),
(1570, 17, 'Desa'),
(1571, 17, 'Diosti'),
(1572, 17, 'Dobresti'),
(1573, 17, 'Dobrotesti'),
(1574, 17, 'Dragotesti'),
(1575, 17, 'Dranic'),
(1576, 17, 'Farcas'),
(1577, 17, 'Galicea Mare'),
(1578, 17, 'Galiciuica'),
(1579, 17, 'Gangiova'),
(1580, 17, 'Ghercesti'),
(1581, 17, 'Ghidici'),
(1582, 17, 'Ghindeni'),
(1583, 17, 'Gighera'),
(1584, 17, 'Giubega'),
(1585, 17, 'Giurgita'),
(1586, 17, 'Gogosu'),
(1587, 17, 'Goicea'),
(1588, 17, 'Goiesti'),
(1589, 17, 'Grecesti'),
(1590, 17, 'Intorsura'),
(1591, 17, 'Isalnita'),
(1592, 17, 'Izvoare'),
(1593, 17, 'Leu'),
(1594, 17, 'Lipovu'),
(1595, 17, 'Macesu de Jos'),
(1596, 17, 'Macesu de Sus'),
(1597, 17, 'Maglavit'),
(1598, 17, 'Malu Mare'),
(1599, 17, 'Marsani'),
(1600, 17, 'Melinesti'),
(1601, 17, 'Mischii'),
(1602, 17, 'Motatei'),
(1603, 17, 'Murgasi'),
(1604, 17, 'Negoi'),
(1605, 17, 'Orodel'),
(1606, 17, 'Ostroveni'),
(1607, 17, 'Perisor'),
(1608, 17, 'Pielesti'),
(1609, 17, 'Piscu Vechi'),
(1610, 17, 'Plenita'),
(1611, 17, 'Plesoi'),
(1612, 17, 'Podari'),
(1613, 17, 'Poiana Mare'),
(1614, 17, 'Predesti'),
(1615, 17, 'Radovan'),
(1616, 17, 'Rast'),
(1617, 17, 'Robanesti'),
(1618, 17, 'Rojiste'),
(1619, 17, 'Sadova'),
(1620, 17, 'Salcuta'),
(1621, 17, 'Scaesti'),
(1622, 17, 'Seaca de Camp'),
(1623, 17, 'Seaca de Padure'),
(1624, 17, 'Secu'),
(1625, 17, 'Silistea Crucii'),
(1626, 17, 'Simnicu de Sus'),
(1627, 17, 'Sopot'),
(1628, 17, 'Talpas'),
(1629, 17, 'Teasc'),
(1630, 17, 'Terpezita'),
(1631, 17, 'Teslui'),
(1632, 17, 'Tuglui'),
(1633, 17, 'Unirea'),
(1634, 17, 'Urzicuta'),
(1635, 17, 'Vartop'),
(1636, 17, 'Varvoru de Jos'),
(1637, 17, 'Vela'),
(1638, 17, 'Verbita'),
(1639, 23, 'Amara'),
(1640, 23, 'Cazanesti'),
(1641, 23, 'Fetesti'),
(1642, 23, 'Fierbinti-Targ'),
(1643, 23, 'Slobozia'),
(1644, 23, 'Tandarei'),
(1645, 23, 'Urziceni'),
(1646, 23, 'Adancata'),
(1647, 23, 'Albesti'),
(1648, 23, 'Alexeni'),
(1649, 23, 'Andrasesti'),
(1650, 23, 'Armasesti'),
(1651, 23, 'Axintele'),
(1652, 23, 'Balaciu'),
(1653, 23, 'Barbulesti'),
(1654, 23, 'Barcanesti'),
(1655, 23, 'Boranesti'),
(1656, 23, 'Bordusani'),
(1657, 23, 'Bucu'),
(1658, 23, 'Buesti'),
(1659, 23, 'Ciocarlia'),
(1660, 23, 'Ciochina'),
(1661, 23, 'Ciulnita'),
(1662, 23, 'Cocora'),
(1663, 23, 'Colilia'),
(1664, 23, 'Cosambesti'),
(1665, 23, 'Cosereni'),
(1666, 23, 'Dragoesti'),
(1667, 23, 'Dridu'),
(1668, 23, 'Facaeni'),
(1669, 23, 'Garbovi'),
(1670, 23, 'Gheorghe Doja'),
(1671, 23, 'Gheorghe Lazar'),
(1672, 23, 'Giurgeni'),
(1673, 23, 'Grindu'),
(1674, 23, 'Grivita'),
(1675, 23, 'Gura Ialomitei'),
(1676, 23, 'Ion Roata'),
(1677, 23, 'Jilavele'),
(1678, 23, 'Maia'),
(1679, 23, 'Manasia'),
(1680, 23, 'Marculesti'),
(1681, 23, 'Mihail Kogalniceanu'),
(1682, 23, 'Milosesti'),
(1683, 23, 'Moldoveni'),
(1684, 23, 'Movila'),
(1685, 23, 'Movilita'),
(1686, 23, 'Munteni-Buzau'),
(1687, 23, 'Ograda'),
(1688, 23, 'Perieti'),
(1689, 23, 'Platonesti'),
(1690, 23, 'Radulesti'),
(1691, 23, 'Reviga'),
(1692, 23, 'Rosiori'),
(1693, 23, 'Salcioara'),
(1694, 23, 'Sarateni'),
(1695, 23, 'Saveni'),
(1696, 23, 'Scanteia'),
(1697, 23, 'Sfantu Gheorghe'),
(1698, 23, 'Sinesti'),
(1699, 23, 'Stelnica'),
(1700, 23, 'Suditi'),
(1701, 23, 'Traian'),
(1702, 23, 'Valea Ciorii'),
(1703, 23, 'Valea Macrisului'),
(1704, 23, 'Vladeni'),
(1705, 24, 'Harlau'),
(1706, 24, 'Iasi'),
(1707, 24, 'Pascani'),
(1708, 24, 'Podu Iloaiei'),
(1709, 24, 'Targu Frumos'),
(1710, 24, 'Alexandru Ioan Cuza'),
(1711, 24, 'Andriseni'),
(1712, 24, 'Aroneanu Interactica'),
(1713, 24, 'Bals'),
(1714, 24, 'Baltati'),
(1715, 24, 'Barnova'),
(1716, 24, 'Belcesti'),
(1717, 24, 'Bivolari'),
(1718, 24, 'Braesti'),
(1719, 24, 'Butea'),
(1720, 24, 'Ceplenita'),
(1721, 24, 'Ciohorani'),
(1722, 24, 'Ciortesti'),
(1723, 24, 'Ciurea'),
(1724, 24, 'Coarnele Caprei'),
(1725, 24, 'Comarna'),
(1726, 24, 'Costesti'),
(1727, 24, 'Costuleni'),
(1728, 24, 'Cotnari'),
(1729, 24, 'Cozmesti'),
(1730, 24, 'Cristesti'),
(1731, 24, 'Cucuteni'),
(1732, 24, 'Dagata'),
(1733, 24, 'Deleni'),
(1734, 24, 'Dobrovat'),
(1735, 24, 'Dolhesti'),
(1736, 24, 'Draguseni'),
(1737, 24, 'Dumesti'),
(1738, 24, 'Erbiceni'),
(1739, 24, 'Fantanele'),
(1740, 24, 'Focuri'),
(1741, 24, 'Golaiesti'),
(1742, 24, 'Gorban'),
(1743, 24, 'Grajduri'),
(1744, 24, 'Gropnita'),
(1745, 24, 'Grozesti'),
(1746, 24, 'Halaucesti'),
(1747, 24, 'Harmanesti'),
(1748, 24, 'Helesteni'),
(1749, 24, 'Holboca'),
(1750, 24, 'Horlesti'),
(1751, 24, 'Ion Neculce'),
(1752, 24, 'Ipatele'),
(1753, 24, 'Lespezi'),
(1754, 24, 'Letcani'),
(1755, 24, 'Lungani'),
(1756, 24, 'Madarjac'),
(1757, 24, 'Mircesti'),
(1758, 24, 'Mironeasa'),
(1759, 24, 'Miroslava'),
(1760, 24, 'Moroslovesti'),
(1761, 24, 'Mogosesti'),
(1762, 24, 'Mogosesti-Siret'),
(1763, 24, 'Mosna'),
(1764, 24, 'Motca'),
(1765, 24, 'Movileni'),
(1766, 24, 'Oteleni'),
(1767, 24, 'Plugari'),
(1768, 24, 'Popesti'),
(1769, 24, 'Popricani'),
(1770, 24, 'Prisacani'),
(1771, 24, 'Probota'),
(1772, 24, 'Rachiteni'),
(1773, 24, 'Raducaneni'),
(1774, 24, 'Rediu'),
(1775, 24, 'Romanesti'),
(1776, 24, 'Roscani'),
(1777, 24, 'Ruginoasa'),
(1778, 24, 'Scanteia'),
(1779, 24, 'Scheia'),
(1780, 24, 'Schitu Duca'),
(1781, 24, 'Scobinti'),
(1782, 24, 'Sinesti'),
(1783, 24, 'Sipote'),
(1784, 24, 'Siretel'),
(1785, 24, 'Stolniceni-Prajescu'),
(1786, 24, 'Strunga'),
(1787, 24, 'Tansa'),
(1788, 24, 'Tatarusi'),
(1789, 24, 'Tibana'),
(1790, 24, 'Tibanesti'),
(1791, 24, 'Tiganesti'),
(1792, 24, 'Todiresti'),
(1793, 24, 'Tomesti'),
(1794, 24, 'Trifesti'),
(1795, 24, 'Tutora'),
(1796, 24, 'Ungheni'),
(1797, 24, 'Valea Lupului'),
(1798, 24, 'Valea Seaca'),
(1799, 24, 'Vanatori'),
(1800, 24, 'Victoria'),
(1801, 24, 'Vladeni'),
(1802, 24, 'Voinesti'),
(1803, 25, 'Bragadiru'),
(1804, 25, 'Buftea'),
(1805, 25, 'Chitila'),
(1806, 25, 'Magurele'),
(1807, 25, 'Otopeni'),
(1808, 25, 'Pantelimon'),
(1809, 25, 'Popesti-Leordeni'),
(1810, 25, 'Voluntari'),
(1811, 25, '1 Decembrie'),
(1812, 25, 'Afumati'),
(1813, 25, 'Balotesti'),
(1814, 25, 'Berceni'),
(1815, 25, 'Branesti'),
(1816, 25, 'Cernica'),
(1817, 25, 'Chiajna'),
(1818, 25, 'Ciolpani'),
(1819, 25, 'Ciorogarla'),
(1820, 25, 'Clinceni'),
(1821, 25, 'Copaceni'),
(1822, 25, 'Corbeanca'),
(1823, 25, 'Cornetu'),
(1824, 25, 'Darasti-Ilfov'),
(1825, 25, 'Dascalu'),
(1826, 25, 'Dobroesti'),
(1827, 25, 'Domnesti'),
(1828, 25, 'Dragomiresti-Vale'),
(1829, 25, 'Ganeasa'),
(1830, 25, 'Glina'),
(1831, 25, 'Gradistea'),
(1832, 25, 'Gruiu'),
(1833, 25, 'Jilava'),
(1834, 25, 'Moara Vlasiei'),
(1835, 25, 'Mogosoaia'),
(1836, 25, 'Nuci'),
(1837, 25, 'Peris'),
(1838, 25, 'Petrachioaia'),
(1839, 25, 'Snagov'),
(1840, 25, 'Stefanestii de Jos'),
(1841, 25, 'Tunari'),
(1842, 25, 'Vidra'),
(1843, 27, 'Baia de Arama'),
(1844, 27, 'Drobeta-Turnu Severin'),
(1845, 27, 'Orsova'),
(1846, 27, 'Strehaia'),
(1847, 27, 'Vanju Mare'),
(1848, 27, 'Bacles'),
(1849, 27, 'Bala'),
(1850, 27, 'Balacita'),
(1851, 27, 'Balta'),
(1852, 27, 'Balvanesti'),
(1853, 27, 'Branistea'),
(1854, 27, 'Breznita-Motru'),
(1855, 27, 'Breznita-Ocol'),
(1856, 27, 'Brosteni'),
(1857, 27, 'Burila Mare'),
(1858, 27, 'Butoiesti'),
(1859, 27, 'Cazanesti'),
(1860, 27, 'Ciresu'),
(1861, 27, 'Corcova'),
(1862, 27, 'Corlatel'),
(1863, 27, 'Cujmir'),
(1864, 27, 'Darvari'),
(1865, 27, 'Devesel'),
(1866, 27, 'Dubova'),
(1867, 27, 'Dumbrava'),
(1868, 27, 'Eselnita'),
(1869, 27, 'Floresti'),
(1870, 27, 'Garla Mare'),
(1871, 27, 'Godeanu'),
(1872, 27, 'Gogosu'),
(1873, 27, 'Greci'),
(1874, 27, 'Grozesti'),
(1875, 27, 'Gruia'),
(1876, 27, 'Hinova'),
(1877, 27, 'Husnicioara'),
(1878, 27, 'Ilovat'),
(1879, 27, 'Ilovita'),
(1880, 27, 'Isverna'),
(1881, 27, 'Izvoru Barzii'),
(1882, 27, 'Jiana'),
(1883, 27, 'Livezile'),
(1884, 27, 'Malovat'),
(1885, 27, 'Obarsia-Closani'),
(1886, 27, 'Obarsia de Camp'),
(1887, 27, 'Oprisor'),
(1888, 27, 'Padina'),
(1889, 27, 'Patulele'),
(1890, 27, 'Podeni'),
(1891, 27, 'Ponoarele'),
(1892, 27, 'Poroiana Mare'),
(1893, 27, 'Pristol'),
(1894, 27, 'Prunisor'),
(1895, 27, 'Punghina'),
(1896, 27, 'Rogova'),
(1897, 27, 'Salcia'),
(1898, 27, 'Simian'),
(1899, 27, 'Sisesti'),
(1900, 27, 'Sovarna'),
(1901, 27, 'Stangaceaua'),
(1902, 27, 'Svinita'),
(1903, 27, 'Tamna'),
(1904, 27, 'Vanatori'),
(1905, 27, 'Vanjulet'),
(1906, 27, 'Vladaia'),
(1907, 27, 'Voloiac'),
(1908, 27, 'Vrata'),
(1909, 26, 'Baia Mare'),
(1910, 26, 'Baia-Sprie'),
(1911, 26, 'Borsa'),
(1912, 26, 'Cavnic'),
(1913, 26, 'Dragomiresti'),
(1914, 26, 'Salistea de Sus'),
(1915, 26, 'Seini'),
(1916, 26, 'Sighetu Marmatiei'),
(1917, 26, 'Somcuta Mare'),
(1918, 26, 'Targu-Lapus'),
(1919, 26, 'Tautii Magheraus'),
(1920, 26, 'Ulmeni'),
(1921, 26, 'Viseu de Sus'),
(1922, 26, 'Ardusat'),
(1923, 26, 'Arinis'),
(1924, 26, 'Asuaju de Sus'),
(1925, 26, 'Baita de sub Codru'),
(1926, 26, 'Baiut'),
(1927, 26, 'Barsana'),
(1928, 26, 'Basesti'),
(1929, 26, 'Bicaz'),
(1930, 26, 'Bistra'),
(1931, 26, 'Bocicoiu Mare'),
(1932, 26, 'Bogdan Voda'),
(1933, 26, 'Boiu Mare'),
(1934, 26, 'Botiza'),
(1935, 26, 'Budesti'),
(1936, 26, 'Calinesti'),
(1937, 26, 'Campulung la Tisa'),
(1938, 26, 'Cernesti'),
(1939, 26, 'Cicarlau'),
(1940, 26, 'Coas'),
(1941, 26, 'Coltau'),
(1942, 26, 'Copalnic-Manastur'),
(1943, 26, 'Coroieni'),
(1944, 26, 'Cupseni'),
(1945, 26, 'Desesti'),
(1946, 26, 'Dumbravita'),
(1947, 26, 'Farcasa'),
(1948, 26, 'Gardani'),
(1949, 26, 'Giulesti'),
(1950, 26, 'Grosi'),
(1951, 26, 'Grosii tiblesului'),
(1952, 26, 'Ieud'),
(1953, 26, 'Lapus'),
(1954, 26, 'Leordina'),
(1955, 26, 'Miresu Mare'),
(1956, 26, 'Moisei'),
(1957, 26, 'Oarta de Jos'),
(1958, 26, 'Ocna Sugatag'),
(1959, 26, 'Oncesti'),
(1960, 26, 'Petrova'),
(1961, 26, 'Poienile de sub Munte'),
(1962, 26, 'Poienile Izei'),
(1963, 26, 'Recea'),
(1964, 26, 'Remetea Chioarului'),
(1965, 26, 'Remeti'),
(1966, 26, 'Repedea'),
(1967, 26, 'Rona de Jos'),
(1968, 26, 'Rona de Sus'),
(1969, 26, 'Rozavlea'),
(1970, 26, 'Ruscova'),
(1971, 26, 'Sacalaseni'),
(1972, 26, 'Sacel'),
(1973, 26, 'Salsig'),
(1974, 26, 'Sapanta'),
(1975, 26, 'Sarasau'),
(1976, 26, 'Satulung'),
(1977, 26, 'Sieu'),
(1978, 26, 'Sisesti'),
(1979, 26, 'Stramtura'),
(1980, 26, 'Suciu de Sus'),
(1981, 26, 'Vadu Izei'),
(1982, 26, 'Valea Chioarului'),
(1983, 26, 'Vima Mica'),
(1984, 26, 'Viseu de Jos'),
(1985, 28, 'Iernut'),
(1986, 28, 'Ludus'),
(1987, 28, 'Miercurea Nirajului'),
(1988, 28, 'Reghin'),
(1989, 28, 'Sangeorgiu-de-Padure'),
(1990, 28, 'Sarmasu'),
(1991, 28, 'Sighisoara'),
(1992, 28, 'Sovata'),
(1993, 28, 'Targu-Mures'),
(1994, 28, 'Tarnaveni'),
(1995, 28, 'Ungheni'),
(1996, 28, 'Acatari'),
(1997, 28, 'Adamus'),
(1998, 28, 'Albesti'),
(1999, 28, 'Alunis'),
(2000, 28, 'Apold'),
(2001, 28, 'Atintis'),
(2002, 28, 'Bagaciu'),
(2003, 28, 'Bahnea'),
(2004, 28, 'Bala'),
(2005, 28, 'Balauseri'),
(2006, 28, 'Band'),
(2007, 28, 'Batos'),
(2008, 28, 'Beica de Jos'),
(2009, 28, 'Bereni'),
(2010, 28, 'Bichis'),
(2011, 28, 'Bogata'),
(2012, 28, 'Brancovenesti'),
(2013, 28, 'Breaza'),
(2014, 28, 'Ceauasu de Campie'),
(2015, 28, 'Chetani'),
(2016, 28, 'Chibed'),
(2017, 28, 'Chiheru de Jos'),
(2018, 28, 'Coroisanmartin'),
(2019, 28, 'Corunca'),
(2020, 28, 'Cozma'),
(2021, 28, 'Craciunesti'),
(2022, 28, 'Craiesti'),
(2023, 28, 'Cristesti'),
(2024, 28, 'Cucerdea'),
(2025, 28, 'Cuci'),
(2026, 28, 'Danes'),
(2027, 28, 'Deda'),
(2028, 28, 'Eremitu'),
(2029, 28, 'Ernei'),
(2030, 28, 'Fantanele'),
(2031, 28, 'Faragau'),
(2032, 28, 'Galesti'),
(2033, 28, 'Ganesti'),
(2034, 28, 'Gheorghe Doja'),
(2035, 28, 'Ghindari'),
(2036, 28, 'Glodeni'),
(2037, 28, 'Gornesti'),
(2038, 28, 'Grebenisu de Campie'),
(2039, 28, 'Gurghiu'),
(2040, 28, 'Hodac'),
(2041, 28, 'Hodosa'),
(2042, 28, 'Ibanesti'),
(2043, 28, 'Iclanzel'),
(2044, 28, 'Ideciu de Jos'),
(2045, 28, 'Livezeni'),
(2046, 28, 'Lunca Bradului'),
(2047, 28, 'Lunca'),
(2048, 28, 'Madaras'),
(2049, 28, 'Magherani'),
(2050, 28, 'Mica'),
(2051, 28, 'Mihesu de Campie'),
(2052, 28, 'Nades'),
(2053, 28, 'Neaua'),
(2054, 28, 'Ogra'),
(2055, 28, 'Panet'),
(2056, 28, 'Papiu Ilarian'),
(2057, 28, 'Pasareni'),
(2058, 28, 'Petelea'),
(2059, 28, 'Pogaceaua'),
(2060, 28, 'Raciu'),
(2061, 28, 'Rastolita'),
(2062, 28, 'Rusii-Munti'),
(2063, 28, 'Sancraiu de Mures'),
(2064, 28, 'Sangeorgiu de Mures'),
(2065, 28, 'Sanger'),
(2066, 28, 'Sanpaul'),
(2067, 28, 'Sanpetru de Campie'),
(2068, 28, 'Santana de Mures'),
(2069, 28, 'Sarateni'),
(2070, 28, 'Saschiz'),
(2071, 28, 'Saulia'),
(2072, 28, 'Sincai'),
(2073, 28, 'Solovastru'),
(2074, 28, 'Stanceni'),
(2075, 28, 'Suplac'),
(2076, 28, 'Suseni'),
(2077, 28, 'Taureni'),
(2078, 28, 'Valea Larga'),
(2079, 28, 'Vanatori'),
(2080, 28, 'Vargata'),
(2081, 28, 'Vatava'),
(2082, 28, 'Vetca'),
(2083, 28, 'Viisoara'),
(2084, 28, 'Voivodeni'),
(2085, 28, 'Zagar'),
(2086, 28, 'Zau de Campie'),
(2087, 29, 'Bicaz'),
(2088, 29, 'Piatra Neamt'),
(2089, 29, 'Roman'),
(2090, 29, 'Roznov'),
(2091, 29, 'Targu-Neamt'),
(2092, 29, 'Agapia'),
(2093, 29, 'Alexandru cel Bun'),
(2094, 29, 'Bahna'),
(2095, 29, 'Baltatesti'),
(2096, 29, 'Bara'),
(2097, 29, 'Bargauani'),
(2098, 29, 'Bicaz-Chei'),
(2099, 29, 'Bicazu Ardelean'),
(2100, 29, 'Bodesti'),
(2101, 29, 'Boghicea'),
(2102, 29, 'Borca'),
(2103, 29, 'Borlesti'),
(2104, 29, 'Botesti'),
(2105, 29, 'Bozieni'),
(2106, 29, 'Brusturi'),
(2107, 29, 'Candesti'),
(2108, 29, 'Ceahlau'),
(2109, 29, 'Cordun'),
(2110, 29, 'Costisa'),
(2111, 29, 'Cracaoani'),
(2112, 29, 'Damuc'),
(2113, 29, 'Dobreni'),
(2114, 29, 'Dochia'),
(2115, 29, 'Doljesti'),
(2116, 29, 'Draganesti'),
(2117, 29, 'Dragomiresti'),
(2118, 29, 'Dulcesti'),
(2119, 29, 'Dumbrava Rosie'),
(2120, 29, 'Farcasa'),
(2121, 29, 'Faurei'),
(2122, 29, 'Gadinti'),
(2123, 29, 'Garcina'),
(2124, 29, 'Gheraesti'),
(2125, 29, 'Ghindaoani'),
(2126, 29, 'Girov'),
(2127, 29, 'Grinties'),
(2128, 29, 'Grumazesti'),
(2129, 29, 'Hangu'),
(2130, 29, 'Horia'),
(2131, 29, 'Icusesti'),
(2132, 29, 'Ion Creanga'),
(2133, 29, 'Margineni'),
(2134, 29, 'Moldoveni'),
(2135, 29, 'Negresti'),
(2136, 29, 'Oniceni'),
(2137, 29, 'Pancesti'),
(2138, 29, 'Pangarati'),
(2139, 29, 'Pastraveni'),
(2140, 29, 'Petricani'),
(2141, 29, 'Piatra Soimului'),
(2142, 29, 'Pipirig'),
(2143, 29, 'Podoleni'),
(2144, 29, 'Poiana Teiului'),
(2145, 29, 'Poienari'),
(2146, 29, 'Raucesti'),
(2147, 29, 'Razboieni'),
(2148, 29, 'Rediu'),
(2149, 29, 'Romani'),
(2150, 29, 'Ruginoasa'),
(2151, 29, 'Sabaoani'),
(2152, 29, 'Sagna'),
(2153, 29, 'Savinesti'),
(2154, 29, 'Secuieni'),
(2155, 29, 'Stanita'),
(2156, 29, 'Stefan cel Mare'),
(2157, 29, 'Tamaseni'),
(2158, 29, 'Tarcau'),
(2159, 29, 'Tasca'),
(2160, 29, 'Tazlau'),
(2161, 29, 'Tibucani'),
(2162, 29, 'Timisesti'),
(2163, 29, 'Trifesti'),
(2164, 29, 'Tupilati'),
(2165, 29, 'Urecheni'),
(2166, 29, 'Valea Ursului'),
(2167, 29, 'Valeni'),
(2168, 29, 'Vanatori-Neamt'),
(2169, 29, 'Zanesti'),
(2170, 30, 'Bals'),
(2171, 30, 'Caracal'),
(2172, 30, 'Corabia'),
(2173, 30, 'Draganesti-Olt'),
(2174, 30, 'Piatra Olt'),
(2175, 30, 'Potcoava'),
(2176, 30, 'Scornicesti'),
(2177, 30, 'Slatina'),
(2178, 30, 'Babiciu'),
(2179, 30, 'Baldovinesti'),
(2180, 30, 'Balteni'),
(2181, 30, 'Barasti'),
(2182, 30, 'Barza'),
(2183, 30, 'Iernut'),
(2184, 30, 'Bobicesti'),
(2185, 30, 'Brancoevni'),
(2186, 30, 'Brastavatu'),
(2187, 30, 'Brebeni'),
(2188, 30, 'Bucinisu'),
(2189, 30, 'Calui'),
(2190, 30, 'Carlogani'),
(2191, 30, 'Cezieni'),
(2192, 30, 'Cilieni'),
(2193, 30, 'Colonesti'),
(2194, 30, 'Corbu'),
(2195, 30, 'Coteana'),
(2196, 30, 'Crampoia'),
(2197, 30, 'Cungrea'),
(2198, 30, 'Curtisoara'),
(2199, 30, 'Daneasa'),
(2200, 30, 'Deveselu'),
(2201, 30, 'Dobretu'),
(2202, 30, 'Dobrosloveni'),
(2203, 30, 'Dobroteasa'),
(2204, 30, 'Dobrun'),
(2205, 30, 'Draghiceni'),
(2206, 30, 'Fagetelu'),
(2207, 30, 'Falcoiu'),
(2208, 30, 'Farcasele'),
(2209, 30, 'Ganeasa'),
(2210, 30, 'Garcov'),
(2211, 30, 'Gavanesti'),
(2212, 30, 'Ghimpeteni'),
(2213, 30, 'Giuvarasti'),
(2214, 30, 'Gostavatu'),
(2215, 30, 'Gradinari'),
(2216, 30, 'Gradinile'),
(2217, 30, 'Grojdibodu'),
(2218, 30, 'Gura Padinii'),
(2219, 30, 'Ianca'),
(2220, 30, 'Iancu Jianu'),
(2221, 30, 'Icoana'),
(2222, 30, 'Ipotesti'),
(2223, 30, 'Izbiceni'),
(2224, 30, 'Izvoarele'),
(2225, 30, 'Leleasca'),
(2226, 30, 'Maruntei'),
(2227, 30, 'Mihaesti'),
(2228, 30, 'Milcov'),
(2229, 30, 'Morunglav'),
(2230, 30, 'Movileni'),
(2231, 30, 'Nicolae Titulescu'),
(2232, 30, 'Obarsia'),
(2233, 30, 'Oboga'),
(2234, 30, 'Oporelu'),
(2235, 30, 'Optasi-Magura'),
(2236, 30, 'Orlea'),
(2237, 30, 'Osica de Jos'),
(2238, 30, 'Osica de Sus'),
(2239, 30, 'Parscoveni'),
(2240, 30, 'Perieti'),
(2241, 30, 'Plesoiu'),
(2242, 30, 'Poboru'),
(2243, 30, 'Priseaca'),
(2244, 30, 'Radomiresti'),
(2245, 30, 'Redea'),
(2246, 30, 'Rotunda'),
(2247, 30, 'Rusanesti'),
(2248, 30, 'Samburesti'),
(2249, 30, 'Sarbii-Magura'),
(2250, 30, 'Scarisoara'),
(2251, 30, 'Schitu'),
(2252, 30, 'Seaca'),
(2253, 30, 'Serbanesti'),
(2254, 30, 'Slatioara'),
(2255, 30, 'Soparlita'),
(2256, 30, 'Spineni'),
(2257, 30, 'Sprancenata'),
(2258, 30, 'Stefan cel Mare'),
(2259, 30, 'Stoenesti'),
(2260, 30, 'Stoicanesti'),
(2261, 30, 'Strejesti'),
(2262, 30, 'Studina'),
(2263, 30, 'Tatulesti'),
(2264, 30, 'Teslui'),
(2265, 30, 'Tia Mare'),
(2266, 30, 'Topana'),
(2267, 30, 'Traian'),
(2268, 30, 'Tufeni'),
(2269, 30, 'Urzica'),
(2270, 30, 'Vadastra'),
(2271, 30, 'Vadastrita'),
(2272, 30, 'Valcele'),
(2273, 30, 'Valea Mare'),
(2274, 30, 'Valeni'),
(2275, 30, 'Verguleasa'),
(2276, 30, 'Visina Noua'),
(2277, 30, 'Visina'),
(2278, 30, 'Vitomiresti'),
(2279, 30, 'Vladila'),
(2280, 30, 'Voineasa'),
(2281, 30, 'Vulpeni'),
(2282, 30, 'Vulturesti'),
(2283, 32, 'Cehu Silvaniei'),
(2284, 32, 'Jibou'),
(2285, 32, 'Simleu Silvaniei'),
(2286, 32, 'Zalau'),
(2287, 32, 'Agrij'),
(2288, 32, 'Almasu'),
(2289, 32, 'Babeni'),
(2290, 32, 'Balan'),
(2291, 32, 'Banisor'),
(2292, 32, 'Benesat'),
(2293, 32, 'Bobota'),
(2294, 32, 'Bocsa'),
(2295, 32, 'Boghis'),
(2296, 32, 'Buciumi'),
(2297, 32, 'Camar'),
(2298, 32, 'Carastelec'),
(2299, 32, 'Chiesd'),
(2300, 32, 'Cizer'),
(2301, 32, 'Coseiu'),
(2302, 32, 'Crasna'),
(2303, 32, 'Creaca'),
(2304, 32, 'Criseni'),
(2305, 32, 'Cristolt'),
(2306, 32, 'Cuzaplac'),
(2307, 32, 'Dobrin'),
(2308, 32, 'Dragu'),
(2309, 32, 'Fildu de Jos'),
(2310, 32, 'Galgau'),
(2311, 32, 'Garbou'),
(2312, 32, 'Halmasd'),
(2313, 32, 'Hereclean'),
(2314, 32, 'Hida'),
(2315, 32, 'Horatu Crasnei'),
(2316, 32, 'Ilenda'),
(2317, 32, 'Ip'),
(2318, 32, 'Letca'),
(2319, 32, 'Lozna'),
(2320, 32, 'Maeriste'),
(2321, 32, 'Marca'),
(2322, 32, 'Mesesenii de Jos'),
(2323, 32, 'Mirsid'),
(2324, 32, 'Napradea'),
(2325, 32, 'Nusfalau'),
(2326, 32, 'Pericei'),
(2327, 32, 'Plopis'),
(2328, 32, 'Poiana Blenchii'),
(2329, 32, 'Romanasi'),
(2330, 32, 'Rus'),
(2331, 32, 'Sag'),
(2332, 32, 'Salatig'),
(2333, 32, 'Samsud');

-- --------------------------------------------------------

--
-- Table structure for table `client`
--

DROP TABLE IF EXISTS `client`;
CREATE TABLE IF NOT EXISTS `client` (
  `id` int(11) NOT NULL AUTO_INCREMENT,
  `firstName` varchar(45) COLLATE utf8_romanian_ci DEFAULT NULL,
  `lastName` varchar(45) COLLATE utf8_romanian_ci DEFAULT NULL,
  `user` varchar(32) COLLATE utf8_romanian_ci DEFAULT NULL,
  `pass` varchar(64) COLLATE utf8_romanian_ci DEFAULT NULL,
  `phone` varchar(45) COLLATE utf8_romanian_ci DEFAULT NULL,
  `email` varchar(128) COLLATE utf8_romanian_ci DEFAULT NULL,
  PRIMARY KEY (`id`)
) ENGINE=InnoDB AUTO_INCREMENT=59 DEFAULT CHARSET=utf8 COLLATE=utf8_romanian_ci COMMENT='Tabela cu clienți care se pot conecta pe site pentru a face rezervări';

--
-- Dumping data for table `client`
--

INSERT INTO `client` (`id`, `firstName`, `lastName`, `user`, `pass`, `phone`, `email`) VALUES
(2, 'ANCUȚA', 'Ionescu', '', 'secret', '0799999999', 'ancai@ceva.xx'),
(3, 'Adela', 'Airinei', '', 'ceva3', '0741525252', 'aaa@irinei.ro'),
(6, 'Walter', 'Mărăcineanu', 'walter', NULL, '0789898989', 'walter@maracineanu.ro'),
(10, 'Rodica', 'Halus', NULL, 'pisica', '0756204646', 'rodicahalus@gmail.com'),
(13, 'Marius', 'Hodoream', NULL, NULL, '07564585854', ''),
(14, 'Mihai', 'Alunescu', NULL, NULL, '0764845412', ''),
(15, 'Nelu', 'Chiorean', NULL, NULL, '0764845575', ''),
(16, 'Ana', 'Enescu', NULL, NULL, '0264878758', ''),
(17, 'Grigore', 'Ailenei', NULL, NULL, '0233542174', ''),
(18, 'Vasile', 'Păcălitu', NULL, NULL, '02335454786', ''),
(19, 'Paul', 'Luchian', NULL, NULL, '07545846', ''),
(20, 'Elena', 'Ortac', NULL, NULL, '0759212145', ''),
(21, 'Diana', 'Barbu', NULL, NULL, '0795354525', ''),
(22, 'Emilia', 'Coca', NULL, NULL, '074358421', ''),
(23, 'Maria', 'Bercar', NULL, NULL, '07654982', ''),
(24, 'Aura', 'Gelan', NULL, NULL, '07587421', ''),
(25, 'Laura', 'Lumescu', NULL, NULL, '077545682', ''),
(26, 'Olivia', 'Menciu', NULL, NULL, '07658642', ''),
(27, 'Doina', 'Retegan', NULL, NULL, '073254582', ''),
(28, 'Oana', 'Sumer', NULL, NULL, '07154847', ''),
(29, 'Silvia', 'Șuteu', NULL, NULL, '0751242428', ''),
(30, 'Felicia', 'Turdean', NULL, NULL, '07468244787', ''),
(31, 'Vasile', 'Tescovean', NULL, NULL, '0773454574', ''),
(32, 'Ionel', 'Ursulescu', NULL, NULL, '078747576', ''),
(33, 'Bianca', 'Șomlea', NULL, NULL, '0765487872', ''),
(34, 'Loredana', 'Vlasov', NULL, NULL, '0736369547', ''),
(35, 'Sofia', 'Zbrici', NULL, NULL, '07264847521', ''),
(36, 'Dorina', 'Făgădăur', NULL, NULL, '0741587436', ''),
(37, 'Flavia', 'Dincă', NULL, NULL, '07418784596', ''),
(38, 'Paula', 'Donciu', NULL, NULL, '07545485', ''),
(39, 'Ilonka', 'Mneacs', NULL, NULL, '07741254', ''),
(40, 'Eugenia', 'Lorina', NULL, NULL, '0789456789', ''),
(41, 'Silvia', 'Wolfgang', NULL, NULL, '07656852', ''),
(42, 'Raul', 'Radovan', NULL, NULL, '0768959585', ''),
(43, 'Radu', 'Alecu ', NULL, NULL, '0779154584', ''),
(44, 'Oana', 'Dinar', NULL, NULL, '0762854874', ''),
(45, 'Aura', 'Codrea', NULL, NULL, '0795475717', ''),
(46, 'Alina', 'Mihu', NULL, NULL, '07689584', ''),
(47, 'Loredana', 'Pintean', NULL, NULL, '02547854213', ''),
(48, 'Mihaela', 'Licurici', NULL, NULL, '0265457814', ''),
(49, 'Teodora', 'Nora', NULL, NULL, '07358641', ''),
(50, 'Corina', 'Sadonea', NULL, NULL, '0722854761', ''),
(51, 'Gabriela', 'Judea', NULL, NULL, '0776548475', ''),
(52, 'Nadia', 'Loga', NULL, 'secret', '074747474', ''),
(53, 'Bogdan', 'Proda', NULL, NULL, '079797979', ''),
(54, 'Anton', 'Zlatov', NULL, NULL, '076969858', ''),
(55, 'Andrei', 'Pleșuv', NULL, NULL, '0724847584', ''),
(56, 'Olivia', 'Gârlean', NULL, NULL, '07954825', ''),
(57, 'Ovidiu', 'Roman', NULL, NULL, '07658424', ''),
(58, 'Ăaul', 'Nanu', NULL, NULL, '077326565', '');

-- --------------------------------------------------------

--
-- Table structure for table `district`
--

DROP TABLE IF EXISTS `district`;
CREATE TABLE IF NOT EXISTS `district` (
  `id` int(11) NOT NULL AUTO_INCREMENT,
  `name` varchar(45) COLLATE utf8_romanian_ci DEFAULT NULL,
  `simbol` varchar(45) COLLATE utf8_romanian_ci DEFAULT NULL,
  `phoneCode` int(2) DEFAULT NULL,
  `policeCode` varchar(2) COLLATE utf8_romanian_ci DEFAULT NULL,
  PRIMARY KEY (`id`)
) ENGINE=InnoDB AUTO_INCREMENT=54 DEFAULT CHARSET=utf8 COLLATE=utf8_romanian_ci COMMENT='Județe';

--
-- Dumping data for table `district`
--

INSERT INTO `district` (`id`, `name`, `simbol`, `phoneCode`, `policeCode`) VALUES
(1, 'Alba', 'AB', 58, '01'),
(2, 'Arad', 'AR', 57, '02'),
(3, 'Argeș', 'AG', 48, '03'),
(4, 'Bacău', 'BC', 34, '04'),
(5, 'Bihor', 'BH', 59, '05'),
(6, 'Bistrița-Năsăud', 'BN', 63, '06'),
(7, 'Botoșani', 'BT', 32, '07'),
(8, 'Brăila', 'BR', 37, '09'),
(9, 'Brașov', 'BV', 68, '08'),
(10, 'Buzău', 'BZ', 39, '11'),
(11, 'Călărași', NULL, NULL, NULL),
(12, 'Caraș-Severin', 'CS', 55, '12'),
(13, 'Cluj', 'CJ', 64, '13'),
(14, 'Constanța', 'CT', 41, '14'),
(15, 'Covasna', 'CV', 67, '15'),
(16, 'Dâmbovița', 'DB', NULL, '17'),
(17, 'Dolj', 'DJ', NULL, '16'),
(18, 'Galați', 'GL', 36, '18'),
(19, 'Giurgiu', 'GR', NULL, '19'),
(20, 'Gorj', 'GJ', NULL, '20'),
(21, 'Harghita', 'HR', 66, '21'),
(22, 'Hunedoara', 'HD', 54, '22'),
(23, 'Ialomița', 'IL', NULL, '23'),
(24, 'Iași', 'IS', 32, '24'),
(25, 'Ilfov', 'IF', 21, '25'),
(26, 'Maramureș', 'MM', 62, '26'),
(27, 'Mehedinți', 'MH', NULL, '27'),
(28, 'Mureș', 'MS', 65, '28'),
(29, 'Neamț', NULL, NULL, NULL),
(30, 'Olt', 'Ot', NULL, '29'),
(31, 'Prahova', 'PH', 44, '30'),
(32, 'Sălaj', 'SJ', 60, '34'),
(33, 'Satu Mare', 'SM', 61, '31'),
(34, 'Sibiu', 'SB', 69, '32'),
(35, 'Suceava', 'SV', 30, '33'),
(36, 'Teleormat', 'TR', NULL, '35'),
(37, 'Timiș', 'TM', 56, '36'),
(38, 'Tulcea', 'TL', 40, '37'),
(39, 'Vâlcea', 'VL', 51, '40'),
(40, 'Vaslui', 'VS', 35, '38'),
(41, 'Vrancea', 'VN', 38, '39'),
(53, 'București', 'B', 21, '10');

-- --------------------------------------------------------

--
-- Table structure for table `employee`
--

DROP TABLE IF EXISTS `employee`;
CREATE TABLE IF NOT EXISTS `employee` (
  `id` int(5) NOT NULL AUTO_INCREMENT,
  `firstName` varchar(45) COLLATE utf8_romanian_ci NOT NULL,
  `lastName` varchar(45) COLLATE utf8_romanian_ci NOT NULL,
  `user` varchar(45) COLLATE utf8_romanian_ci NOT NULL,
  `pass` varchar(64) COLLATE utf8_romanian_ci NOT NULL,
  `phone` varchar(22) COLLATE utf8_romanian_ci DEFAULT NULL,
  `email` varchar(128) COLLATE utf8_romanian_ci DEFAULT NULL,
  `title_id` int(5) DEFAULT NULL,
  PRIMARY KEY (`id`),
  KEY `fk_employee_title_id` (`title_id`)
) ENGINE=InnoDB AUTO_INCREMENT=16 DEFAULT CHARSET=utf8 COLLATE=utf8_romanian_ci COMMENT='Lista angajaților din fi9rma de transport';

--
-- Dumping data for table `employee`
--

INSERT INTO `employee` (`id`, `firstName`, `lastName`, `user`, `pass`, `phone`, `email`, `title_id`) VALUES
(1, 'Miahi', 'Popescu', 'mihaipopescu', 'autocar', '077666555', 'mihai.popescu@trans.ro', 4),
(2, 'Vasile', 'Ionescu', 'vasileionescu', 'autocar', '076555444', 'vasile.ionescu@trans.ro', 4),
(3, 'Grigore', 'Băsescu', 'grigorebasescu', 'autocar', '075444333', 'grigore.basescu@trans.ro', 3),
(4, 'Ana', 'Asofiei', 'anaasofiei', '', '074333222', 'ana.asofiei@trans.ro', 4),
(5, 'Irina', 'Iliescu', 'irinailiescu', 'autocar', '073222111', 'irina.iliescu@trans.ro', 1),
(9, 'Nastratin', 'Hogea', 'nastratin.hogea', '', '0789789789', 'nastratin.hogea@busplaces.ro', 4),
(10, 'Făt', 'Frumos', 'făt.frumos', '', '0789789789', 'făt.frumos@busplaces.ro', 4),
(11, 'Harap', 'Alb', 'harap.alb', '', '078907890789', 'harap.alb@busplaces.ro', 4),
(12, 'Prâslea', 'Cel Voinic', 'praslea.celvoinic', '', '0789789789', 'praslea.celvoinic@busplaces.ro', 4),
(13, 'Hampty', 'Dampty', 'hampty.dampty', '', '0789789789', 'hampty.dampty@busplaces.ro', 4),
(14, 'Ileana', 'Cosânzeana', 'ilieana.cosanzeana', '', '89898989', 'ilieana.cosanzeana@busplaces.rto', 3),
(15, 'Alba', 'Ca Zăpada', 'alba.cazapada', '', '07897897899', 'alba.cazapada@busplaces.ro', 3);

-- --------------------------------------------------------

--
-- Table structure for table `employee_right`
--

DROP TABLE IF EXISTS `employee_right`;
CREATE TABLE IF NOT EXISTS `employee_right` (
  `empliyee_id` int(5) NOT NULL,
  `right_id` int(5) NOT NULL,
  KEY `fk_employee_right_employee` (`empliyee_id`),
  KEY `fk_employee_right_right` (`right_id`)
) ENGINE=InnoDB DEFAULT CHARSET=utf8 COLLATE=utf8_romanian_ci COMMENT='Tabelă care atribuie drepturile utilizatorilor angajați';

-- --------------------------------------------------------

--
-- Table structure for table `features`
--

DROP TABLE IF EXISTS `features`;
CREATE TABLE IF NOT EXISTS `features` (
  `id` int(5) NOT NULL AUTO_INCREMENT,
  `name` varchar(45) COLLATE utf8_romanian_ci DEFAULT NULL,
  `description` varchar(128) COLLATE utf8_romanian_ci DEFAULT NULL,
  `icon` varchar(128) COLLATE utf8_romanian_ci NOT NULL,
  PRIMARY KEY (`id`)
) ENGINE=InnoDB AUTO_INCREMENT=9 DEFAULT CHARSET=utf8 COLLATE=utf8_romanian_ci COMMENT='Dotări pe care le are autocarul la bord ';

--
-- Dumping data for table `features`
--

INSERT INTO `features` (`id`, `name`, `description`, `icon`) VALUES
(1, 'Scaune reglabile', NULL, ''),
(2, 'Aer Condiționat', NULL, ''),
(3, 'Audio Video', NULL, ''),
(4, 'USB', NULL, ''),
(5, 'Frigider', NULL, ''),
(6, 'WC', NULL, ''),
(7, 'XXX', 'xxx', 'xxx'),
(8, 'dddddd', 'ddddddd', '');

-- --------------------------------------------------------

--
-- Table structure for table `reservation`
--

DROP TABLE IF EXISTS `reservation`;
CREATE TABLE IF NOT EXISTS `reservation` (
  `id` int(11) NOT NULL AUTO_INCREMENT,
  `client_id` int(11) NOT NULL,
  `route_id` int(11) NOT NULL,
  `departure_id` int(11) DEFAULT NULL,
  `arrival_id` int(11) DEFAULT NULL,
  `date` date DEFAULT NULL,
  `places` int(3) DEFAULT NULL,
  `distance` int(8) NOT NULL,
  `price` double(9,2) NOT NULL,
  `status_id` int(5) NOT NULL,
  PRIMARY KEY (`id`),
  KEY `fk_reservation_client_id` (`client_id`),
  KEY `fk_reservation_route_id` (`route_id`),
  KEY `fk_reservation_status_id` (`status_id`),
  KEY `fk_reservation_departure_id` (`departure_id`),
  KEY `fk_reservation_arrival_id` (`arrival_id`)
) ENGINE=InnoDB AUTO_INCREMENT=16 DEFAULT CHARSET=utf8 COLLATE=utf8_romanian_ci COMMENT='Tabela cu rezervările făcute';

--
-- Dumping data for table `reservation`
--

INSERT INTO `reservation` (`id`, `client_id`, `route_id`, `departure_id`, `arrival_id`, `date`, `places`, `distance`, `price`, `status_id`) VALUES
(12, 52, 12, 15, 25, '2018-07-11', 2, 0, 0.00, 2),
(13, 52, 12, 17, 20, '2018-07-18', 2, 0, 0.00, 2),
(14, 52, 14, 16, 38, '2018-07-17', 2, 0, 0.00, 1);

-- --------------------------------------------------------

--
-- Table structure for table `right`
--

DROP TABLE IF EXISTS `right`;
CREATE TABLE IF NOT EXISTS `right` (
  `id` int(11) NOT NULL AUTO_INCREMENT,
  `name` varchar(45) COLLATE utf8_romanian_ci DEFAULT NULL,
  `description` varchar(250) COLLATE utf8_romanian_ci DEFAULT NULL,
  PRIMARY KEY (`id`)
) ENGINE=InnoDB AUTO_INCREMENT=6 DEFAULT CHARSET=utf8 COLLATE=utf8_romanian_ci COMMENT='Drepturile angajaților în aplicație';

--
-- Dumping data for table `right`
--

INSERT INTO `right` (`id`, `name`, `description`) VALUES
(1, 'bilete', 'Vizualizare și emitere bilete'),
(2, 'rezervări', 'Vizualizare, verificare și administrare rezervări'),
(3, 'statistici', 'Consultare statistici trasee și încasări'),
(4, 'autocare', 'Administrare autocare disponibile'),
(5, 'trasee', 'Administrare trasee și stații');

-- --------------------------------------------------------

--
-- Table structure for table `route`
--

DROP TABLE IF EXISTS `route`;
CREATE TABLE IF NOT EXISTS `route` (
  `id` int(11) NOT NULL AUTO_INCREMENT,
  `name` varchar(128) COLLATE utf8_romanian_ci NOT NULL,
  `bus_id` int(5) DEFAULT '1',
  PRIMARY KEY (`id`),
  KEY `fk_route_bus_id` (`bus_id`)
) ENGINE=InnoDB AUTO_INCREMENT=19 DEFAULT CHARSET=utf8 COLLATE=utf8_romanian_ci COMMENT='Traseul';

--
-- Dumping data for table `route`
--

INSERT INTO `route` (`id`, `name`, `bus_id`) VALUES
(12, 'Cluj-Napoca - Târgu Mureș (18:00)', 2),
(13, 'Cluj-Napoca - Alba Iulia (10:30)', 1),
(14, 'Cluj-Napoca - Bistrița (15:30)', 6),
(15, 'Cluj-Napoca - Oradea', 3);

-- --------------------------------------------------------

--
-- Stand-in structure for view `routestopstation`
-- (See below for the actual view)
--
DROP VIEW IF EXISTS `routestopstation`;
CREATE TABLE IF NOT EXISTS `routestopstation` (
`id` int(11)
,`route_id` int(5)
,`station_id` int(11)
,`arrival` varchar(8)
,`departure` varchar(8)
,`order` int(5)
,`distance` int(5)
,`station_name` varchar(45)
);

-- --------------------------------------------------------

--
-- Table structure for table `station`
--

DROP TABLE IF EXISTS `station`;
CREATE TABLE IF NOT EXISTS `station` (
  `id` int(11) NOT NULL AUTO_INCREMENT,
  `name` varchar(45) COLLATE utf8_romanian_ci NOT NULL,
  `details` varchar(128) COLLATE utf8_romanian_ci NOT NULL,
  `city_id` int(11) NOT NULL,
  PRIMARY KEY (`id`),
  KEY `fk_station_city_id` (`city_id`)
) ENGINE=InnoDB AUTO_INCREMENT=52 DEFAULT CHARSET=utf8 COLLATE=utf8_romanian_ci COMMENT='Lista stațiilor disponibile';

--
-- Dumping data for table `station`
--

INSERT INTO `station` (`id`, `name`, `details`, `city_id`) VALUES
(15, 'Autogara Fany', 'autogara veche din Cluj', 756),
(16, 'Autogara Beta', '', 756),
(17, 'Observator', '', 756),
(18, 'Autogara Turda', '', 760),
(20, 'Fortuna', 'biserica mare de la fortuna', 1993),
(25, 'Poli 2', 'Lângă Mureș Mall, în capul centrului', 1993),
(26, 'Cetnru', '', 1986),
(27, 'Vulcanizare', '', 1986),
(28, 'Centru', '', 1985),
(29, 'Sens giratoriu', '', 755),
(30, 'Kaufland', 'Între Gara CFR și Autogara Voiajor', 1993),
(31, 'Parcare Darina', '', 1995),
(32, 'Autogara Autotrans STP', 'Lângă gara CFR', 81),
(33, 'Parcarea de la Gară', '', 88),
(34, 'Centru', '', 80),
(35, 'Intersecție', '', 156),
(36, 'Aurel Vlaicu', 'Stație lângă Leroy Merlin', 756),
(37, 'Centru', '', 758),
(38, 'Parcare gara CFR', '', 757),
(39, 'Autogară', '', 511),
(40, 'Centru', '', 510),
(41, 'Centru', '', 796),
(42, 'Centru', '', 759),
(43, 'Centru', '', 352),
(44, 'Gara CFR', '', 356),
(45, 'Autogara Nufărul', '', 356),
(46, 'Centru', '', 429),
(47, 'Autogara Bacău', '', 259),
(48, 'Penny Apahida', '', 764),
(49, 'Castel Bamfi', '', 770),
(50, 'Fabrica Bosch', '', 801),
(51, 'Aninoasa autogară', '', 167);

-- --------------------------------------------------------

--
-- Table structure for table `status`
--

DROP TABLE IF EXISTS `status`;
CREATE TABLE IF NOT EXISTS `status` (
  `id` int(11) NOT NULL AUTO_INCREMENT,
  `status` varchar(45) COLLATE utf8_romanian_ci DEFAULT NULL,
  PRIMARY KEY (`id`)
) ENGINE=InnoDB AUTO_INCREMENT=5 DEFAULT CHARSET=utf8 COLLATE=utf8_romanian_ci COMMENT='Status';

--
-- Dumping data for table `status`
--

INSERT INTO `status` (`id`, `status`) VALUES
(1, '\0r\0e\0z\0e\0r\0v\0a\0t'),
(2, '\0a\0n\0u\0l\0a\0t'),
(3, '\0n\0e\0p\0r\0e\0z\0e\0n\0t\0a\0t'),
(4, '\0p\0l\0t\0i\0t');

-- --------------------------------------------------------

--
-- Table structure for table `stops`
--

DROP TABLE IF EXISTS `stops`;
CREATE TABLE IF NOT EXISTS `stops` (
  `id` int(11) NOT NULL AUTO_INCREMENT,
  `route_id` int(5) DEFAULT NULL,
  `station_id` int(11) DEFAULT NULL,
  `arrival` varchar(8) COLLATE utf8_romanian_ci DEFAULT NULL,
  `departure` varchar(8) COLLATE utf8_romanian_ci DEFAULT NULL,
  `order` int(5) DEFAULT NULL,
  `distance` int(5) DEFAULT NULL,
  PRIMARY KEY (`id`),
  KEY `fk_stops_route_id` (`route_id`),
  KEY `fk_stops_station_id` (`station_id`)
) ENGINE=InnoDB AUTO_INCREMENT=78 DEFAULT CHARSET=utf8 COLLATE=utf8_romanian_ci COMMENT='Stațiile unui traseu';

--
-- Dumping data for table `stops`
--

INSERT INTO `stops` (`id`, `route_id`, `station_id`, `arrival`, `departure`, `order`, `distance`) VALUES
(22, 13, 15, '10:20', '10:30', 1, 0),
(23, 13, 17, '10:40', '10:41', 2, 6),
(32, 14, 16, '15:25', '15:30', 1, 0),
(33, 14, 36, '15:38', '15:39', 2, 4),
(34, 14, 37, '16:10', '16:11', 3, 40),
(35, 14, 38, '16:23', '16:24', 4, 55),
(36, 14, 39, '17:21', '17:21', 6, 119),
(37, 14, 40, '16:46', '16:47', 5, 85),
(38, 12, 15, '17:30', '18:00', 1, 0),
(39, 12, 17, '18:14', '18:15', 2, 6),
(40, 12, 18, '18:56', '19:00', 3, 47),
(41, 12, 20, '21:07', '21:09', 11, 151),
(44, 12, 25, '21:01', '21:03', 10, 145),
(45, 12, 26, '19:55', '19:56', 5, 95),
(46, 12, 27, '20:01', '20:02', 6, 99),
(49, 12, 30, '2055', '20:57', 9, 140),
(50, 12, 31, '20:45', '20:46', 8, 135),
(51, 13, 18, '11:05', '11:07', 3, 36),
(52, 13, 34, '11:41', '11:42', 4, 69),
(53, 13, 33, '12:03', '12:04', 5, 84),
(54, 13, 32, '12:30', '12:30', 6, 108),
(55, 15, 16, '07:00', '07:15', 1, 0),
(56, 15, 41, '07:45', '07:46', 2, 25),
(57, 15, 42, '08:02', '08:03', 3, 44),
(58, 15, 43, '08:39', '08:40', 4, 88),
(59, 15, 44, '10:10', '10:11', 5, 170),
(60, 15, 45, '10:35', '10:35', 6, 180),
(61, 15, 46, NULL, NULL, NULL, NULL),
(63, 12, 29, '19:26', '19:26', 4, 67),
(76, 14, 35, NULL, NULL, NULL, NULL),
(77, 14, 46, NULL, NULL, NULL, NULL);

-- --------------------------------------------------------

--
-- Table structure for table `title`
--

DROP TABLE IF EXISTS `title`;
CREATE TABLE IF NOT EXISTS `title` (
  `id` int(5) NOT NULL AUTO_INCREMENT,
  `name` varchar(45) COLLATE utf8_romanian_ci DEFAULT NULL,
  `description` varchar(128) COLLATE utf8_romanian_ci DEFAULT NULL,
  PRIMARY KEY (`id`)
) ENGINE=InnoDB AUTO_INCREMENT=5 DEFAULT CHARSET=utf8 COLLATE=utf8_romanian_ci COMMENT='Funcțiile angajaților\n';

--
-- Dumping data for table `title`
--

INSERT INTO `title` (`id`, `name`, `description`) VALUES
(1, '\0m\0a\0n\0a\0g\0e\0r', NULL),
(2, '\0c\0o\0n\0t\0a\0b\0i\0l', NULL),
(3, '\0c\0a\0s\0i\0e\0r', NULL),
(4, 'șofer', NULL);

-- --------------------------------------------------------

--
-- Stand-in structure for view `v_reservations`
-- (See below for the actual view)
--
DROP VIEW IF EXISTS `v_reservations`;
CREATE TABLE IF NOT EXISTS `v_reservations` (
`id` int(11)
,`client_id` int(11)
,`route_id` int(11)
,`departure_id` int(11)
,`arrival_id` int(11)
,`date` date
,`places` int(3)
,`distance` int(8)
,`price` double(9,2)
,`status_id` int(5)
,`route_name` varchar(128)
,`status_name` varchar(45)
,`departure_name` varchar(45)
,`arrival_name` varchar(45)
,`departure_city` varchar(45)
,`arrival_city` varchar(45)
);

-- --------------------------------------------------------

--
-- Stand-in structure for view `v_routestopstation`
-- (See below for the actual view)
--
DROP VIEW IF EXISTS `v_routestopstation`;
CREATE TABLE IF NOT EXISTS `v_routestopstation` (
`id` int(11)
,`route_id` int(5)
,`station_id` int(11)
,`arrival` varchar(8)
,`departure` varchar(8)
,`order` int(5)
,`distance` int(5)
,`station_name` varchar(45)
,`city_name` varchar(45)
,`district_name` varchar(45)
,`district_short` varchar(45)
);

-- --------------------------------------------------------

--
-- Stand-in structure for view `v_stations_available`
-- (See below for the actual view)
--
DROP VIEW IF EXISTS `v_stations_available`;
CREATE TABLE IF NOT EXISTS `v_stations_available` (
`station_id` int(11)
,`station_name` varchar(45)
,`station_details` varchar(128)
,`city_id` int(11)
,`city_name` varchar(45)
,`district_id` int(11)
,`district_name` varchar(45)
,`district_short` varchar(45)
);

-- --------------------------------------------------------

--
-- Structure for view `routestopstation`
--
DROP TABLE IF EXISTS `routestopstation`;

CREATE ALGORITHM=UNDEFINED DEFINER=`busPlaces`@`%` SQL SECURITY DEFINER VIEW `routestopstation`  AS  select `stops`.`id` AS `id`,`stops`.`route_id` AS `route_id`,`stops`.`station_id` AS `station_id`,`stops`.`arrival` AS `arrival`,`stops`.`departure` AS `departure`,`stops`.`order` AS `order`,`stops`.`distance` AS `distance`,`station`.`name` AS `station_name` from (`stops` join `station` on((`stops`.`station_id` = `station`.`id`))) ;

-- --------------------------------------------------------

--
-- Structure for view `v_reservations`
--
DROP TABLE IF EXISTS `v_reservations`;

CREATE ALGORITHM=UNDEFINED DEFINER=`busPlaces`@`%` SQL SECURITY DEFINER VIEW `v_reservations`  AS  select `reservation`.`id` AS `id`,`reservation`.`client_id` AS `client_id`,`reservation`.`route_id` AS `route_id`,`reservation`.`departure_id` AS `departure_id`,`reservation`.`arrival_id` AS `arrival_id`,`reservation`.`date` AS `date`,`reservation`.`places` AS `places`,`reservation`.`distance` AS `distance`,`reservation`.`price` AS `price`,`reservation`.`status_id` AS `status_id`,`route`.`name` AS `route_name`,`status`.`status` AS `status_name`,`tdeparture`.`name` AS `departure_name`,`tarrival`.`name` AS `arrival_name`,`tdeparturecity`.`name` AS `departure_city`,`tarrivalcity`.`name` AS `arrival_city` from ((((((`reservation` join `route` on((`reservation`.`route_id` = `route`.`id`))) join `station` `tdeparture` on((`reservation`.`departure_id` = `tdeparture`.`id`))) join `city` `tdeparturecity` on((`tdeparturecity`.`id` = `tdeparture`.`city_id`))) join `station` `tarrival` on((`reservation`.`arrival_id` = `tarrival`.`id`))) join `city` `tarrivalcity` on((`tarrivalcity`.`id` = `tarrival`.`city_id`))) join `status` on((`reservation`.`status_id` = `status`.`id`))) ;

-- --------------------------------------------------------

--
-- Structure for view `v_routestopstation`
--
DROP TABLE IF EXISTS `v_routestopstation`;

CREATE ALGORITHM=UNDEFINED DEFINER=`busPlaces`@`%` SQL SECURITY DEFINER VIEW `v_routestopstation`  AS  select `stops`.`id` AS `id`,`stops`.`route_id` AS `route_id`,`stops`.`station_id` AS `station_id`,`stops`.`arrival` AS `arrival`,`stops`.`departure` AS `departure`,`stops`.`order` AS `order`,`stops`.`distance` AS `distance`,`station`.`name` AS `station_name`,`city`.`name` AS `city_name`,`district`.`name` AS `district_name`,`district`.`simbol` AS `district_short` from (((`stops` join `station` on((`stops`.`station_id` = `station`.`id`))) join `city` on((`city`.`id` = `station`.`city_id`))) join `district` on((`city`.`district_id` = `district`.`id`))) ;

-- --------------------------------------------------------

--
-- Structure for view `v_stations_available`
--
DROP TABLE IF EXISTS `v_stations_available`;

CREATE ALGORITHM=UNDEFINED DEFINER=`busPlaces`@`%` SQL SECURITY DEFINER VIEW `v_stations_available`  AS  select `station`.`id` AS `station_id`,`station`.`name` AS `station_name`,`station`.`details` AS `station_details`,`city`.`id` AS `city_id`,`city`.`name` AS `city_name`,`district`.`id` AS `district_id`,`district`.`name` AS `district_name`,`district`.`simbol` AS `district_short` from ((`station` join `city` on((`city`.`id` = `station`.`city_id`))) join `district` on((`district`.`id` = `city`.`district_id`))) ;

--
-- Constraints for dumped tables
--

--
-- Constraints for table `bus_features`
--
ALTER TABLE `bus_features`
  ADD CONSTRAINT `bus_features_bus` FOREIGN KEY (`bus_id`) REFERENCES `bus` (`id`) ON DELETE CASCADE ON UPDATE CASCADE,
  ADD CONSTRAINT `bus_features_features` FOREIGN KEY (`feature_id`) REFERENCES `features` (`id`) ON DELETE CASCADE ON UPDATE CASCADE;

--
-- Constraints for table `city`
--
ALTER TABLE `city`
  ADD CONSTRAINT `city_district_id` FOREIGN KEY (`district_id`) REFERENCES `district` (`id`) ON DELETE CASCADE ON UPDATE CASCADE;

--
-- Constraints for table `employee`
--
ALTER TABLE `employee`
  ADD CONSTRAINT `employee_title` FOREIGN KEY (`title_id`) REFERENCES `title` (`id`) ON DELETE CASCADE ON UPDATE CASCADE;

--
-- Constraints for table `employee_right`
--
ALTER TABLE `employee_right`
  ADD CONSTRAINT `employee_right_employee_id` FOREIGN KEY (`empliyee_id`) REFERENCES `employee` (`id`) ON DELETE CASCADE ON UPDATE CASCADE,
  ADD CONSTRAINT `employee_rihgt_right_id` FOREIGN KEY (`right_id`) REFERENCES `right` (`id`) ON DELETE CASCADE ON UPDATE CASCADE;

--
-- Constraints for table `reservation`
--
ALTER TABLE `reservation`
  ADD CONSTRAINT `reservation_arrival_id` FOREIGN KEY (`arrival_id`) REFERENCES `station` (`id`) ON DELETE CASCADE ON UPDATE CASCADE,
  ADD CONSTRAINT `reservation_client_id` FOREIGN KEY (`client_id`) REFERENCES `client` (`id`) ON UPDATE CASCADE,
  ADD CONSTRAINT `reservation_departure_id` FOREIGN KEY (`departure_id`) REFERENCES `station` (`id`) ON DELETE CASCADE ON UPDATE CASCADE,
  ADD CONSTRAINT `reservation_route_id` FOREIGN KEY (`route_id`) REFERENCES `route` (`id`) ON DELETE CASCADE ON UPDATE CASCADE,
  ADD CONSTRAINT `reservation_status_id` FOREIGN KEY (`status_id`) REFERENCES `status` (`id`) ON UPDATE CASCADE;

--
-- Constraints for table `route`
--
ALTER TABLE `route`
  ADD CONSTRAINT `route_bus_id` FOREIGN KEY (`bus_id`) REFERENCES `bus` (`id`) ON DELETE NO ACTION ON UPDATE NO ACTION;

--
-- Constraints for table `station`
--
ALTER TABLE `station`
  ADD CONSTRAINT `station_city_id` FOREIGN KEY (`city_id`) REFERENCES `city` (`id`) ON DELETE CASCADE ON UPDATE CASCADE;

--
-- Constraints for table `stops`
--
ALTER TABLE `stops`
  ADD CONSTRAINT `stops_route_id` FOREIGN KEY (`route_id`) REFERENCES `route` (`id`) ON DELETE CASCADE ON UPDATE CASCADE,
  ADD CONSTRAINT `stops_station_id` FOREIGN KEY (`station_id`) REFERENCES `station` (`id`) ON DELETE CASCADE ON UPDATE CASCADE;
COMMIT;

/*!40101 SET CHARACTER_SET_CLIENT=@OLD_CHARACTER_SET_CLIENT */;
/*!40101 SET CHARACTER_SET_RESULTS=@OLD_CHARACTER_SET_RESULTS */;
/*!40101 SET COLLATION_CONNECTION=@OLD_COLLATION_CONNECTION */;
